Name,GEO_ID,"Less than $50,000","$50,000 to $99,999","$100,000 to $149,999","$150,000 to $199,999","$200,000 to $299,999","$300,000 to $499,999","$500,000 or more",Median (dollars),State,County,Tract
"Census Tract 55.03, Clark County, Nevada",1400000US32003005503,11.3,12.9,75.7,0.0,0.0,0.0,0.0,190300,32,003,005503
"Census Tract 54.21, Clark County, Nevada",1400000US32003005421,9.5,39.2,46.2,5.1,0.0,0.0,0.0,102700,32,003,005421
"Census Tract 54.23, Clark County, Nevada",1400000US32003005423,3.0,1.2,92.5,3.2,0.0,0.0,0.0,158300,32,003,005423
"Census Tract 54.33, Clark County, Nevada",1400000US32003005433,3.3,5.4,63.2,26.9,1.3,0.0,0.0,243200,32,003,005433
"Census Tract 58.05, Clark County, Nevada",1400000US32003005805,4.4,0.0,52.5,22.0,3.6,7.9,9.6,289100,32,003,005805
"Census Tract 58.08, Clark County, Nevada",1400000US32003005808,7.4,2.7,68.7,21.2,0.0,0.0,0.0,249300,32,003,005808
"Census Tract 5.16, Clark County, Nevada",1400000US32003000516,21.2,17.3,58.9,0.0,2.6,0.0,0.0,111100,32,003,000516
"Census Tract 5.17, Clark County, Nevada",1400000US32003000517,7.9,13.2,79.0,0.0,0.0,0.0,0.0,145600,32,003,000517
"Census Tract 8, Clark County, Nevada",1400000US32003000800,0.0,36.4,36.4,27.3,0.0,0.0,0.0,159400,32,003,000800
"Census Tract 10.06, Clark County, Nevada",1400000US32003001006,0.0,1.2,52.6,37.7,4.3,0.3,4.0,286600,32,003,001006
"Census Tract 9506, Churchill County, Nevada",1400000US32001950600,3.9,4.8,86.3,5.0,0.0,0.0,0.0,189800,32,001,950600
"Census Tract 16.10, Clark County, Nevada",1400000US32003001610,1.6,10.5,84.1,2.6,0.0,0.0,1.2,152500,32,003,001610
"Census Tract 16.11, Clark County, Nevada",1400000US32003001611,6.7,7.5,85.8,0.0,0.0,0.0,0.0,157200,32,003,001611
"Census Tract 17.16, Clark County, Nevada",1400000US32003001716,0.0,2.3,96.5,1.2,0.0,0.0,0.0,160300,32,003,001716
"Census Tract 19.02, Clark County, Nevada",1400000US32003001902,7.9,19.3,72.8,0.0,0.0,0.0,0.0,118700,32,003,001902
"Census Tract 22.04, Clark County, Nevada",1400000US32003002204,0.0,36.4,63.6,0.0,0.0,0.0,0.0,116100,32,003,002204
"Census Tract 25.01, Clark County, Nevada",1400000US32003002501,6.8,9.5,78.1,4.6,0.0,0.0,1.0,177500,32,003,002501
"Census Tract 28.30, Clark County, Nevada",1400000US32003002830,3.2,6.2,82.1,7.2,0.0,0.0,1.4,222600,32,003,002830
"Census Tract 28.36, Clark County, Nevada",1400000US32003002836,2.4,0.0,95.6,2.0,0.0,0.0,0.0,170200,32,003,002836
"Census Tract 29.05, Clark County, Nevada",1400000US32003002905,0.0,10.9,65.5,21.0,0.0,0.0,2.5,197700,32,003,002905
"Census Tract 25.06, Clark County, Nevada",1400000US32003002506,35.6,56.7,7.8,0.0,0.0,0.0,0.0,64100,32,003,002506
"Census Tract 28.14, Clark County, Nevada",1400000US32003002814,0.0,0.0,59.8,35.4,4.0,0.0,0.8,272200,32,003,002814
"Census Tract 28.31, Clark County, Nevada",1400000US32003002831,13.4,21.5,65.1,0.0,0.0,0.0,0.0,139900,32,003,002831
"Census Tract 28.32, Clark County, Nevada",1400000US32003002832,4.1,8.8,83.9,3.3,0.0,0.0,0.0,177100,32,003,002832
"Census Tract 28.34, Clark County, Nevada",1400000US32003002834,1.7,0.0,83.1,10.4,4.8,0.0,0.0,224700,32,003,002834
"Census Tract 29.37, Clark County, Nevada",1400000US32003002937,6.4,8.4,81.7,3.6,0.0,0.0,0.0,133300,32,003,002937
"Census Tract 29.48, Clark County, Nevada",1400000US32003002948,12.5,14.8,72.7,0.0,0.0,0.0,0.0,140400,32,003,002948
"Census Tract 29.58, Clark County, Nevada",1400000US32003002958,2.9,18.0,76.3,2.7,0.0,0.0,0.0,170700,32,003,002958
"Census Tract 29.62, Clark County, Nevada",1400000US32003002962,0.0,0.0,0.0,58.8,30.1,11.0,0.0,475500,32,003,002962
"Census Tract 30.03, Clark County, Nevada",1400000US32003003003,3.9,8.4,87.7,0.0,0.0,0.0,0.0,157300,32,003,003003
"Census Tract 32.10, Clark County, Nevada",1400000US32003003210,2.8,0.0,63.2,24.5,7.1,0.0,2.4,265000,32,003,003210
"Census Tract 32.23, Clark County, Nevada",1400000US32003003223,0.0,0.0,14.9,5.6,38.4,11.8,29.4,692600,32,003,003223
"Census Tract 33.06, Clark County, Nevada",1400000US32003003306,0.9,1.1,82.5,10.3,5.1,0.0,0.0,209500,32,003,003306
"Census Tract 34.09, Clark County, Nevada",1400000US32003003409,5.7,24.7,68.0,1.6,0.0,0.0,0.0,127500,32,003,003409
"Census Tract 34.10, Clark County, Nevada",1400000US32003003410,5.2,1.6,88.8,4.4,0.0,0.0,0.0,175000,32,003,003410
"Census Tract 34.11, Clark County, Nevada",1400000US32003003411,1.6,2.1,91.4,4.9,0.0,0.0,0.0,211600,32,003,003411
"Census Tract 36.13, Clark County, Nevada",1400000US32003003613,1.3,13.1,79.3,4.4,1.9,0.0,0.0,169800,32,003,003613
"Census Tract 41, Clark County, Nevada",1400000US32003004100,3.7,46.1,48.8,1.3,0.0,0.0,0.0,100200,32,003,004100
"Census Tract 47.10, Clark County, Nevada",1400000US32003004710,22.1,33.1,44.9,0.0,0.0,0.0,0.0,87800,32,003,004710
"Census Tract 47.16, Clark County, Nevada",1400000US32003004716,2.4,19.9,76.2,1.5,0.0,0.0,0.0,122400,32,003,004716
"Census Tract 49.15, Clark County, Nevada",1400000US32003004915,2.5,15.0,82.5,0.0,0.0,0.0,0.0,159000,32,003,004915
"Census Tract 49.19, Clark County, Nevada",1400000US32003004919,5.7,2.8,71.6,20.0,0.0,0.0,0.0,211300,32,003,004919
"Census Tract 53.11, Clark County, Nevada",1400000US32003005311,3.4,8.0,69.7,18.9,0.0,0.0,0.0,223300,32,003,005311
"Census Tract 53.43, Clark County, Nevada",1400000US32003005343,4.8,0.0,82.8,12.4,0.0,0.0,0.0,219700,32,003,005343
"Census Tract 30.06, Clark County, Nevada",1400000US32003003006,5.9,13.9,80.2,0.0,0.0,0.0,0.0,161300,32,003,003006
"Census Tract 29.15, Clark County, Nevada",1400000US32003002915,0.0,0.0,34.8,26.5,24.2,14.4,0.0,364000,32,003,002915
"Census Tract 29.54, Clark County, Nevada",1400000US32003002954,15.3,57.6,23.2,0.0,4.0,0.0,0.0,70800,32,003,002954
"Census Tract 32.15, Clark County, Nevada",1400000US32003003215,0.9,5.3,51.9,41.9,0.0,0.0,0.0,280200,32,003,003215
"Census Tract 36.15, Clark County, Nevada",1400000US32003003615,4.2,5.3,86.9,3.5,0.0,0.0,0.0,178500,32,003,003615
"Census Tract 38, Clark County, Nevada",1400000US32003003800,2.4,16.5,81.1,0.0,0.0,0.0,0.0,158400,32,003,003800
"Census Tract 42, Clark County, Nevada",1400000US32003004200,7.0,54.3,38.7,0.0,0.0,0.0,0.0,86000,32,003,004200
"Census Tract 47.13, Clark County, Nevada",1400000US32003004713,34.3,16.4,49.3,0.0,0.0,0.0,0.0,98000,32,003,004713
"Census Tract 49.16, Clark County, Nevada",1400000US32003004916,4.3,6.5,84.5,1.9,2.8,0.0,0.0,147800,32,003,004916
"Census Tract 49.20, Clark County, Nevada",1400000US32003004920,0.0,4.9,93.8,1.2,0.0,0.0,0.0,154600,32,003,004920
"Census Tract 50.10, Clark County, Nevada",1400000US32003005010,23.2,28.0,48.8,0.0,0.0,0.0,0.0,-666666666,32,003,005010
"Census Tract 50.11, Clark County, Nevada",1400000US32003005011,0.0,16.8,83.2,0.0,0.0,0.0,0.0,132300,32,003,005011
"Census Tract 53.13, Clark County, Nevada",1400000US32003005313,3.1,0.0,39.1,31.5,9.5,14.6,2.2,330600,32,003,005313
"Census Tract 53.16, Clark County, Nevada",1400000US32003005316,3.0,1.6,78.0,17.4,0.0,0.0,0.0,223500,32,003,005316
"Census Tract 53.20, Clark County, Nevada",1400000US32003005320,0.0,11.6,74.3,14.1,0.0,0.0,0.0,186800,32,003,005320
"Census Tract 55.01, Clark County, Nevada",1400000US32003005501,7.8,3.1,40.6,34.0,10.1,4.4,0.0,293100,32,003,005501
"Census Tract 57.03, Clark County, Nevada",1400000US32003005703,0.0,36.5,57.1,0.0,6.3,0.0,0.0,160600,32,003,005703
"Census Tract 61.03, Clark County, Nevada",1400000US32003006103,0.0,21.8,59.7,18.5,0.0,0.0,0.0,155600,32,003,006103
"Census Tract 62.01, Clark County, Nevada",1400000US32003006201,2.3,26.0,69.1,0.0,2.7,0.0,0.0,147000,32,003,006201
"Census Tract 25.04, Clark County, Nevada",1400000US32003002504,2.3,61.5,23.9,12.4,0.0,0.0,0.0,83600,32,003,002504
"Census Tract 19.01, Clark County, Nevada",1400000US32003001901,0.0,26.7,73.3,0.0,0.0,0.0,0.0,136200,32,003,001901
"Census Tract 24.03, Clark County, Nevada",1400000US32003002403,0.0,73.0,0.0,0.0,0.0,27.0,0.0,-666666666,32,003,002403
"Census Tract 24.05, Clark County, Nevada",1400000US32003002405,21.8,23.0,46.0,0.0,0.0,0.0,9.2,-666666666,32,003,002405
"Census Tract 28.08, Clark County, Nevada",1400000US32003002808,3.9,1.6,23.6,32.6,11.7,18.7,8.0,413500,32,003,002808
"Census Tract 28.24, Clark County, Nevada",1400000US32003002824,3.3,1.7,52.3,36.3,3.0,3.3,0.0,280000,32,003,002824
"Census Tract 29.42, Clark County, Nevada",1400000US32003002942,2.1,15.9,76.3,5.7,0.0,0.0,0.0,176900,32,003,002942
"Census Tract 29.46, Clark County, Nevada",1400000US32003002946,3.2,9.4,74.0,13.3,0.0,0.0,0.0,206100,32,003,002946
"Census Tract 29.47, Clark County, Nevada",1400000US32003002947,0.0,0.0,24.1,58.3,17.6,0.0,0.0,354700,32,003,002947
"Census Tract 29.51, Clark County, Nevada",1400000US32003002951,6.3,3.3,53.5,25.9,7.9,3.1,0.0,253200,32,003,002951
"Census Tract 30.04, Clark County, Nevada",1400000US32003003004,2.6,34.6,49.6,13.2,0.0,0.0,0.0,148200,32,003,003004
"Census Tract 32.08, Clark County, Nevada",1400000US32003003208,1.7,1.1,24.1,51.7,15.0,3.7,2.8,395600,32,003,003208
"Census Tract 32.18, Clark County, Nevada",1400000US32003003218,0.0,1.2,29.4,39.8,9.9,7.2,12.5,370900,32,003,003218
"Census Tract 34.13, Clark County, Nevada",1400000US32003003413,2.3,8.2,66.1,23.4,0.0,0.0,0.0,191200,32,003,003413
"Census Tract 40, Clark County, Nevada",1400000US32003004000,21.9,36.8,41.3,0.0,0.0,0.0,0.0,91000,32,003,004000
"Census Tract 47.17, Clark County, Nevada",1400000US32003004717,7.2,25.3,67.5,0.0,0.0,0.0,0.0,150400,32,003,004717
"Census Tract 51.02, Clark County, Nevada",1400000US32003005102,3.6,6.9,73.8,5.8,5.0,2.0,2.9,200600,32,003,005102
"Census Tract 53.14, Clark County, Nevada",1400000US32003005314,6.0,0.0,60.7,29.8,3.5,0.0,0.0,264900,32,003,005314
"Census Tract 53.15, Clark County, Nevada",1400000US32003005315,7.4,10.2,64.6,11.0,6.9,0.0,0.0,223100,32,003,005315
"Census Tract 53.18, Clark County, Nevada",1400000US32003005318,0.0,0.0,24.6,60.6,8.1,4.1,2.6,369100,32,003,005318
"Census Tract 53.33, Clark County, Nevada",1400000US32003005333,2.2,0.0,65.9,31.0,0.0,0.0,0.9,265400,32,003,005333
"Census Tract 54.22, Clark County, Nevada",1400000US32003005422,0.8,30.8,66.2,0.0,0.0,0.0,2.1,115500,32,003,005422
"Census Tract 56.07, Clark County, Nevada",1400000US32003005607,3.9,15.5,77.8,2.8,0.0,0.0,0.0,150400,32,003,005607
"Census Tract 57.04, Clark County, Nevada",1400000US32003005704,9.8,31.1,59.0,0.0,0.0,0.0,0.0,115300,32,003,005704
"Census Tract 58.07, Clark County, Nevada",1400000US32003005807,4.1,0.0,60.7,30.1,5.0,0.0,0.0,261300,32,003,005807
"Census Tract 58.13, Clark County, Nevada",1400000US32003005813,6.2,3.4,63.2,20.6,6.5,0.0,0.0,213300,32,003,005813
"Census Tract 62.02, Clark County, Nevada",1400000US32003006202,4.5,24.1,71.4,0.0,0.0,0.0,0.0,147100,32,003,006202
"Census Tract 2.04, Clark County, Nevada",1400000US32003000204,0.0,11.5,56.9,17.0,6.0,6.4,2.3,226400,32,003,000204
"Census Tract 5.15, Clark County, Nevada",1400000US32003000515,12.2,27.5,60.3,0.0,0.0,0.0,0.0,117400,32,003,000515
"Census Tract 5.18, Clark County, Nevada",1400000US32003000518,2.5,36.0,61.5,0.0,0.0,0.0,0.0,122000,32,003,000518
"Census Tract 16.09, Clark County, Nevada",1400000US32003001609,1.8,16.7,68.9,12.6,0.0,0.0,0.0,147300,32,003,001609
"Census Tract 9, Clark County, Nevada",1400000US32003000900,0.0,0.0,0.0,100.0,0.0,0.0,0.0,410000,32,003,000900
"Census Tract 16.12, Clark County, Nevada",1400000US32003001612,32.2,63.2,4.5,0.0,0.0,0.0,0.0,58100,32,003,001612
"Census Tract 29.41, Clark County, Nevada",1400000US32003002941,2.5,13.3,78.3,5.9,0.0,0.0,0.0,142000,32,003,002941
"Census Tract 32.14, Clark County, Nevada",1400000US32003003214,6.5,1.3,69.1,19.9,3.2,0.0,0.0,225000,32,003,003214
"Census Tract 49.10, Clark County, Nevada",1400000US32003004910,4.6,28.1,67.3,0.0,0.0,0.0,0.0,135400,32,003,004910
"Census Tract 51.03, Clark County, Nevada",1400000US32003005103,0.0,6.4,56.8,25.9,2.8,6.0,2.1,220000,32,003,005103
"Census Tract 13, Clark County, Nevada",1400000US32003001300,5.3,19.3,68.5,6.9,0.0,0.0,0.0,155100,32,003,001300
"Census Tract 24.06, Clark County, Nevada",1400000US32003002406,8.1,91.9,0.0,0.0,0.0,0.0,0.0,82300,32,003,002406
"Census Tract 28.27, Clark County, Nevada",1400000US32003002827,2.6,6.9,75.3,15.3,0.0,0.0,0.0,176600,32,003,002827
"Census Tract 29.61, Clark County, Nevada",1400000US32003002961,0.0,4.1,34.1,43.8,10.9,5.3,1.9,342200,32,003,002961
"Census Tract 32.20, Clark County, Nevada",1400000US32003003220,1.1,19.3,79.6,0.0,0.0,0.0,0.0,158700,32,003,003220
"Census Tract 47.03, Clark County, Nevada",1400000US32003004703,0.0,38.2,55.5,1.8,1.3,3.3,0.0,115200,32,003,004703
"Census Tract 34.08, Clark County, Nevada",1400000US32003003408,1.3,0.0,53.7,45.0,0.0,0.0,0.0,288600,32,003,003408
"Census Tract 50.07, Clark County, Nevada",1400000US32003005007,0.0,7.1,71.5,16.5,0.0,0.0,4.9,216300,32,003,005007
"Census Tract 9502, Lincoln County, Nevada",1400000US32017950200,12.1,0.0,76.0,2.7,9.2,0.0,0.0,124800,32,017,950200
"Census Tract 9805, Nye County, Nevada",1400000US32023980500,-666666666.0,-666666666.0,-666666666.0,-666666666.0,-666666666.0,-666666666.0,-666666666.0,-666666666,32,023,980500
"Census Tract 7, Washoe County, Nevada",1400000US32031000700,14.9,14.0,61.6,9.4,0.0,0.0,0.0,161800,32,031,000700
"Census Tract 11.01, Washoe County, Nevada",1400000US32031001101,0.0,5.8,43.6,43.1,6.5,0.0,1.0,302100,32,031,001101
"Census Tract 21.05, Washoe County, Nevada",1400000US32031002105,11.1,2.4,78.6,7.9,0.0,0.0,0.0,217400,32,031,002105
"Census Tract 31.06, Washoe County, Nevada",1400000US32031003106,2.7,4.1,88.1,5.2,0.0,0.0,0.0,204700,32,031,003106
"Census Tract 31.08, Washoe County, Nevada",1400000US32031003108,0.0,0.0,73.9,19.4,5.4,1.2,0.0,235700,32,031,003108
"Census Tract 3, Washoe County, Nevada",1400000US32031000300,0.0,0.0,50.2,46.2,3.6,0.0,0.0,298200,32,031,000300
"Census Tract 9, Washoe County, Nevada",1400000US32031000900,10.2,36.4,53.4,0.0,0.0,0.0,0.0,102000,32,031,000900
"Census Tract 24.06, Washoe County, Nevada",1400000US32031002406,2.9,4.2,90.9,0.0,0.0,0.0,2.0,222800,32,031,002406
"Census Tract 31.01, Washoe County, Nevada",1400000US32031003101,5.6,11.5,11.5,51.2,0.0,13.5,6.7,365100,32,031,003101
"Census Tract 4, Washoe County, Nevada",1400000US32031000400,0.0,0.0,33.2,48.0,6.4,7.8,4.7,363300,32,031,000400
"Census Tract 21.03, Washoe County, Nevada",1400000US32031002103,0.0,0.0,20.6,61.6,17.8,0.0,0.0,389400,32,031,002103
"Census Tract 25, Washoe County, Nevada",1400000US32031002500,0.0,6.8,70.1,23.1,0.0,0.0,0.0,250100,32,031,002500
"Census Tract 28.01, Washoe County, Nevada",1400000US32031002801,0.0,2.1,74.9,20.8,2.1,0.0,0.0,226800,32,031,002801
"Census Tract 28.02, Washoe County, Nevada",1400000US32031002802,4.4,6.9,85.0,1.3,0.0,0.0,2.5,159100,32,031,002802
"Census Tract 11.05, Washoe County, Nevada",1400000US32031001105,1.8,0.0,11.5,62.1,24.6,0.0,0.0,414800,32,031,001105
"Census Tract 13, Washoe County, Nevada",1400000US32031001300,1.2,3.7,79.6,13.7,1.8,0.0,0.0,223600,32,031,001300
"Census Tract 14, Washoe County, Nevada",1400000US32031001400,0.0,0.0,67.6,32.4,0.0,0.0,0.0,249000,32,031,001400
"Census Tract 19.02, Washoe County, Nevada",1400000US32031001902,8.6,15.2,64.2,11.9,0.0,0.0,0.0,178000,32,031,001902
"Census Tract 35.03, Washoe County, Nevada",1400000US32031003503,4.1,1.6,72.9,21.4,0.0,0.0,0.0,238500,32,031,003503
"Census Tract 10.05, Washoe County, Nevada",1400000US32031001005,0.0,0.0,55.1,33.5,1.8,7.1,2.5,283100,32,031,001005
"Census Tract 11.04, Washoe County, Nevada",1400000US32031001104,0.0,0.0,23.0,50.9,22.4,1.2,2.5,395700,32,031,001104
"Census Tract 19.01, Washoe County, Nevada",1400000US32031001901,11.3,28.3,56.6,0.0,0.0,0.0,3.8,112200,32,031,001901
"Census Tract 21.06, Washoe County, Nevada",1400000US32031002106,2.6,0.0,82.4,15.0,0.0,0.0,0.0,190300,32,031,002106
"Census Tract 22.04, Washoe County, Nevada",1400000US32031002204,4.3,31.3,64.4,0.0,0.0,0.0,0.0,131900,32,031,002204
"Census Tract 26.03, Washoe County, Nevada",1400000US32031002603,0.0,6.4,42.6,32.5,15.1,1.7,1.7,303400,32,031,002603
"Census Tract 29.01, Washoe County, Nevada",1400000US32031002901,2.2,0.0,91.1,6.7,0.0,0.0,0.0,207200,32,031,002901
"Census Tract 29.02, Washoe County, Nevada",1400000US32031002902,7.8,5.6,81.6,5.0,0.0,0.0,0.0,169400,32,031,002902
"Census Tract 11.03, Washoe County, Nevada",1400000US32031001103,0.0,0.0,12.3,43.4,25.2,12.2,6.8,463400,32,031,001103
"Census Tract 21.04, Washoe County, Nevada",1400000US32031002104,1.2,4.3,56.0,31.2,7.3,0.0,0.0,252800,32,031,002104
"Census Tract 24.01, Washoe County, Nevada",1400000US32031002401,0.0,3.3,66.2,30.6,0.0,0.0,0.0,239200,32,031,002401
"Census Tract 35.01, Washoe County, Nevada",1400000US32031003501,6.3,3.4,46.6,31.5,10.2,1.0,1.0,281000,32,031,003501
"Census Tract 35.07, Washoe County, Nevada",1400000US32031003507,0.0,0.0,47.5,51.2,1.3,0.0,0.0,307500,32,031,003507
"Census Tract 30, Washoe County, Nevada",1400000US32031003000,5.5,20.7,71.5,2.3,0.0,0.0,0.0,138400,32,031,003000
"Census Tract 31.05, Washoe County, Nevada",1400000US32031003105,4.0,5.9,62.5,23.6,4.0,0.0,0.0,258100,32,031,003105
"Census Tract 32.02, Washoe County, Nevada",1400000US32031003202,6.2,1.9,40.2,35.3,12.9,3.5,0.0,307500,32,031,003202
"Census Tract 35.04, Washoe County, Nevada",1400000US32031003504,0.9,3.0,55.6,34.2,4.6,0.7,1.0,283500,32,031,003504
"Census Tract 22.05, Washoe County, Nevada",1400000US32031002205,0.0,12.3,87.7,0.0,0.0,0.0,0.0,169900,32,031,002205
"Census Tract 47.15, Clark County, Nevada",1400000US32003004715,11.2,26.0,59.9,2.9,0.0,0.0,0.0,123000,32,003,004715
"Census Tract 47.12, Clark County, Nevada",1400000US32003004712,79.6,20.4,0.0,0.0,0.0,0.0,0.0,-666666666,32,003,004712
"Census Tract 50.12, Clark County, Nevada",1400000US32003005012,2.2,10.6,82.1,0.0,0.0,5.1,0.0,175900,32,003,005012
"Census Tract 51.07, Clark County, Nevada",1400000US32003005107,1.1,1.2,75.6,22.2,0.0,0.0,0.0,216100,32,003,005107
"Census Tract 52, Clark County, Nevada",1400000US32003005200,1.3,41.6,54.8,2.3,0.0,0.0,0.0,106700,32,003,005200
"Census Tract 1.01, Clark County, Nevada",1400000US32003000101,3.2,14.0,81.9,0.9,0.0,0.0,0.0,150100,32,003,000101
"Census Tract 17.15, Clark County, Nevada",1400000US32003001715,6.8,26.0,65.4,0.0,1.7,0.0,0.0,136100,32,003,001715
"Census Tract 17.17, Clark County, Nevada",1400000US32003001717,0.0,3.6,73.1,19.7,3.6,0.0,0.0,256400,32,003,001717
"Census Tract 28.22, Clark County, Nevada",1400000US32003002822,0.0,48.9,51.1,0.0,0.0,0.0,0.0,102300,32,003,002822
"Census Tract 28.23, Clark County, Nevada",1400000US32003002823,8.3,55.1,33.2,3.4,0.0,0.0,0.0,93200,32,003,002823
"Census Tract 28.25, Clark County, Nevada",1400000US32003002825,7.5,7.8,77.5,6.0,0.0,1.2,0.0,178800,32,003,002825
"Census Tract 28.33, Clark County, Nevada",1400000US32003002833,0.7,0.0,87.1,12.2,0.0,0.0,0.0,227300,32,003,002833
"Census Tract 29.16, Clark County, Nevada",1400000US32003002916,0.0,0.0,3.5,33.0,16.8,33.3,13.3,700500,32,003,002916
"Census Tract 29.38, Clark County, Nevada",1400000US32003002938,0.0,11.4,29.3,34.7,21.0,0.0,3.6,350000,32,003,002938
"Census Tract 29.40, Clark County, Nevada",1400000US32003002940,0.0,0.0,93.9,6.1,0.0,0.0,0.0,223500,32,003,002940
"Census Tract 29.52, Clark County, Nevada",1400000US32003002952,0.0,30.7,52.8,13.9,0.0,2.5,0.0,164600,32,003,002952
"Census Tract 5.19, Clark County, Nevada",1400000US32003000519,0.0,23.0,77.0,0.0,0.0,0.0,0.0,126600,32,003,000519
"Census Tract 10.04, Clark County, Nevada",1400000US32003001004,5.6,19.3,75.1,0.0,0.0,0.0,0.0,162400,32,003,001004
"Census Tract 10.05, Clark County, Nevada",1400000US32003001005,5.1,0.0,20.5,17.3,31.5,8.5,17.0,556300,32,003,001005
"Census Tract 17.07, Clark County, Nevada",1400000US32003001707,1.2,18.0,70.3,7.5,3.0,0.0,0.0,146900,32,003,001707
"Census Tract 17.10, Clark County, Nevada",1400000US32003001710,2.8,12.4,84.7,0.0,0.0,0.0,0.0,141400,32,003,001710
"Census Tract 17.13, Clark County, Nevada",1400000US32003001713,4.0,9.8,83.0,0.0,0.0,1.5,1.7,156400,32,003,001713
"Census Tract 18.01, Clark County, Nevada",1400000US32003001801,6.2,27.1,66.8,0.0,0.0,0.0,0.0,119000,32,003,001801
"Census Tract 22.01, Clark County, Nevada",1400000US32003002201,0.0,24.8,65.4,9.8,0.0,0.0,0.0,142300,32,003,002201
"Census Tract 22.03, Clark County, Nevada",1400000US32003002203,0.0,24.2,75.8,0.0,0.0,0.0,0.0,133600,32,003,002203
"Census Tract 24.04, Clark County, Nevada",1400000US32003002404,-666666666.0,-666666666.0,-666666666.0,-666666666.0,-666666666.0,-666666666.0,-666666666.0,-666666666,32,003,002404
"Census Tract 27.06, Clark County, Nevada",1400000US32003002706,8.9,54.4,27.8,8.9,0.0,0.0,0.0,88300,32,003,002706
"Census Tract 27.07, Clark County, Nevada",1400000US32003002707,3.2,7.7,85.3,3.9,0.0,0.0,0.0,173400,32,003,002707
"Census Tract 28.10, Clark County, Nevada",1400000US32003002810,63.6,0.0,0.0,0.0,36.4,0.0,0.0,-666666666,32,003,002810
"Census Tract 28.11, Clark County, Nevada",1400000US32003002811,2.3,0.0,63.5,31.7,1.7,0.0,0.8,268700,32,003,002811
"Census Tract 28.28, Clark County, Nevada",1400000US32003002828,7.4,3.5,42.9,36.3,8.6,0.0,1.2,282900,32,003,002828
"Census Tract 28.35, Clark County, Nevada",1400000US32003002835,7.1,0.0,87.0,5.9,0.0,0.0,0.0,194500,32,003,002835
"Census Tract 29.39, Clark County, Nevada",1400000US32003002939,1.5,0.0,6.6,44.9,31.1,4.8,11.1,480000,32,003,002939
"Census Tract 32.04, Clark County, Nevada",1400000US32003003204,2.7,1.1,41.3,45.5,9.4,0.0,0.0,323200,32,003,003204
"Census Tract 34.15, Clark County, Nevada",1400000US32003003415,2.3,21.1,70.0,2.0,4.6,0.0,0.0,158600,32,003,003415
"Census Tract 29.57, Clark County, Nevada",1400000US32003002957,0.0,0.0,12.4,43.0,14.1,18.1,12.4,393500,32,003,002957
"Census Tract 32.26, Clark County, Nevada",1400000US32003003226,1.4,0.0,16.1,20.2,33.1,6.2,23.0,592900,32,003,003226
"Census Tract 34.12, Clark County, Nevada",1400000US32003003412,2.6,9.1,83.0,4.1,1.3,0.0,0.0,166600,32,003,003412
"Census Tract 1.05, Clark County, Nevada",1400000US32003000105,2.2,38.9,59.0,0.0,0.0,0.0,0.0,114000,32,003,000105
"Census Tract 2.01, Clark County, Nevada",1400000US32003000201,4.9,24.4,51.0,17.2,2.6,0.0,0.0,146300,32,003,000201
"Census Tract 34.22, Clark County, Nevada",1400000US32003003422,2.1,14.6,80.7,2.5,0.0,0.0,0.0,143300,32,003,003422
"Census Tract 47.14, Clark County, Nevada",1400000US32003004714,3.4,28.3,68.3,0.0,0.0,0.0,0.0,129300,32,003,004714
"Census Tract 49.21, Clark County, Nevada",1400000US32003004921,18.6,25.3,48.1,5.5,2.5,0.0,0.0,128400,32,003,004921
"Census Tract 50.05, Clark County, Nevada",1400000US32003005005,33.6,60.2,6.1,0.0,0.0,0.0,0.0,56800,32,003,005005
"Census Tract 51.01, Clark County, Nevada",1400000US32003005101,1.3,10.3,50.6,36.6,1.3,0.0,0.0,249700,32,003,005101
"Census Tract 51.05, Clark County, Nevada",1400000US32003005105,1.2,8.1,78.6,11.3,0.8,0.0,0.0,178900,32,003,005105
"Census Tract 57.02, Clark County, Nevada",1400000US32003005702,6.2,30.8,59.5,3.5,0.0,0.0,0.0,112200,32,003,005702
"Census Tract 53.41, Clark County, Nevada",1400000US32003005341,1.7,2.1,88.6,4.9,2.7,0.0,0.0,207700,32,003,005341
"Census Tract 56.12, Clark County, Nevada",1400000US32003005612,17.4,29.9,50.0,2.7,0.0,0.0,0.0,107400,32,003,005612
"Census Tract 58.09, Clark County, Nevada",1400000US32003005809,0.0,6.6,64.7,21.6,3.6,0.0,3.6,227900,32,003,005809
"Census Tract 58.11, Clark County, Nevada",1400000US32003005811,2.5,0.0,71.9,21.5,4.1,0.0,0.0,261000,32,003,005811
"Census Tract 53.36, Clark County, Nevada",1400000US32003005336,7.2,30.4,60.7,1.7,0.0,0.0,0.0,117800,32,003,005336
"Census Tract 53.12, Clark County, Nevada",1400000US32003005312,0.0,0.0,69.3,28.6,0.0,0.0,2.1,264000,32,003,005312
"Census Tract 53.35, Clark County, Nevada",1400000US32003005335,0.0,2.5,60.1,26.3,11.1,0.0,0.0,260600,32,003,005335
"Census Tract 53.37, Clark County, Nevada",1400000US32003005337,0.0,0.0,49.6,37.4,13.0,0.0,0.0,301700,32,003,005337
"Census Tract 53.42, Clark County, Nevada",1400000US32003005342,4.3,18.8,74.8,2.1,0.0,0.0,0.0,157600,32,003,005342
"Census Tract 54.32, Clark County, Nevada",1400000US32003005432,1.1,10.7,82.8,5.3,0.0,0.0,0.0,199900,32,003,005432
"Census Tract 55.02, Clark County, Nevada",1400000US32003005502,0.0,1.9,49.8,33.7,11.7,0.0,2.9,295600,32,003,005502
"Census Tract 58.03, Clark County, Nevada",1400000US32003005803,1.0,0.0,70.0,29.0,0.0,0.0,0.0,246200,32,003,005803
"Census Tract 58.04, Clark County, Nevada",1400000US32003005804,0.0,5.1,46.0,43.1,2.6,0.0,3.2,297900,32,003,005804
"Census Tract 58.06, Clark County, Nevada",1400000US32003005806,0.0,0.0,57.0,35.3,4.8,0.0,2.9,284600,32,003,005806
"Census Tract 22.07, Clark County, Nevada",1400000US32003002207,-666666666.0,-666666666.0,-666666666.0,-666666666.0,-666666666.0,-666666666.0,-666666666.0,-666666666,32,003,002207
"Census Tract 23.02, Clark County, Nevada",1400000US32003002302,0.0,0.0,30.0,30.0,8.3,31.7,0.0,400000,32,003,002302
"Census Tract 23.03, Clark County, Nevada",1400000US32003002303,5.8,0.0,15.5,27.2,23.3,6.8,21.4,515600,32,003,002303
"Census Tract 26.04, Clark County, Nevada",1400000US32003002604,0.0,0.0,100.0,0.0,0.0,0.0,0.0,-666666666,32,003,002604
"Census Tract 26.05, Clark County, Nevada",1400000US32003002605,-666666666.0,-666666666.0,-666666666.0,-666666666.0,-666666666.0,-666666666.0,-666666666.0,-666666666,32,003,002605
"Census Tract 28.37, Clark County, Nevada",1400000US32003002837,3.3,0.0,59.6,31.4,3.0,2.7,0.0,258500,32,003,002837
"Census Tract 28.38, Clark County, Nevada",1400000US32003002838,0.8,0.0,54.7,41.7,2.8,0.0,0.0,279200,32,003,002838
"Census Tract 28.41, Clark County, Nevada",1400000US32003002841,0.8,0.0,22.2,47.6,25.7,3.6,0.0,426800,32,003,002841
"Census Tract 28.42, Clark County, Nevada",1400000US32003002842,0.0,0.0,91.0,9.0,0.0,0.0,0.0,233900,32,003,002842
"Census Tract 28.43, Clark County, Nevada",1400000US32003002843,3.7,1.2,61.3,32.2,1.7,0.0,0.0,246000,32,003,002843
"Census Tract 28.44, Clark County, Nevada",1400000US32003002844,0.7,1.5,97.8,0.0,0.0,0.0,0.0,157200,32,003,002844
"Census Tract 28.45, Clark County, Nevada",1400000US32003002845,2.8,2.6,92.5,2.1,0.0,0.0,0.0,181000,32,003,002845
"Census Tract 28.46, Clark County, Nevada",1400000US32003002846,0.0,0.0,88.1,11.9,0.0,0.0,0.0,219100,32,003,002846
"Census Tract 28.47, Clark County, Nevada",1400000US32003002847,5.1,0.0,77.5,12.3,5.1,0.0,0.0,190400,32,003,002847
"Census Tract 28.48, Clark County, Nevada",1400000US32003002848,1.0,0.7,96.2,0.0,0.0,2.2,0.0,185100,32,003,002848
"Census Tract 29.64, Clark County, Nevada",1400000US32003002964,0.0,100.0,0.0,0.0,0.0,0.0,0.0,75100,32,003,002964
"Census Tract 29.65, Clark County, Nevada",1400000US32003002965,27.8,38.1,28.7,2.7,0.0,2.7,0.0,80800,32,003,002965
"Census Tract 29.66, Clark County, Nevada",1400000US32003002966,0.0,71.9,16.3,11.8,0.0,0.0,0.0,83200,32,003,002966
"Census Tract 29.67, Clark County, Nevada",1400000US32003002967,3.7,18.1,74.1,0.0,4.2,0.0,0.0,161400,32,003,002967
"Census Tract 29.68, Clark County, Nevada",1400000US32003002968,0.0,5.2,89.0,5.0,0.0,0.8,0.0,170800,32,003,002968
"Census Tract 29.69, Clark County, Nevada",1400000US32003002969,19.4,43.3,20.9,16.4,0.0,0.0,0.0,-666666666,32,003,002969
"Census Tract 29.70, Clark County, Nevada",1400000US32003002970,12.1,32.8,55.2,0.0,0.0,0.0,0.0,103300,32,003,002970
"Census Tract 29.74, Clark County, Nevada",1400000US32003002974,4.9,13.4,73.9,7.8,0.0,0.0,0.0,205300,32,003,002974
"Census Tract 29.75, Clark County, Nevada",1400000US32003002975,3.0,4.5,69.3,21.8,1.4,0.0,0.0,247400,32,003,002975
"Census Tract 29.76, Clark County, Nevada",1400000US32003002976,0.0,3.2,66.8,26.1,3.9,0.0,0.0,189800,32,003,002976
"Census Tract 29.77, Clark County, Nevada",1400000US32003002977,0.0,1.4,32.9,60.8,4.9,0.0,0.0,365600,32,003,002977
"Census Tract 29.78, Clark County, Nevada",1400000US32003002978,0.0,0.0,53.7,16.9,23.1,3.1,3.2,248600,32,003,002978
"Census Tract 29.79, Clark County, Nevada",1400000US32003002979,0.0,1.6,29.3,33.9,32.7,2.5,0.0,395500,32,003,002979
"Census Tract 29.80, Clark County, Nevada",1400000US32003002980,0.0,3.4,75.1,5.4,16.2,0.0,0.0,195000,32,003,002980
"Census Tract 29.81, Clark County, Nevada",1400000US32003002981,1.0,0.0,99.0,0.0,0.0,0.0,0.0,215500,32,003,002981
"Census Tract 29.82, Clark County, Nevada",1400000US32003002982,0.0,0.0,41.4,52.9,5.7,0.0,0.0,318300,32,003,002982
"Census Tract 57.13, Clark County, Nevada",1400000US32003005713,3.2,0.1,43.7,29.9,17.2,4.6,1.3,314100,32,003,005713
"Census Tract 57.14, Clark County, Nevada",1400000US32003005714,0.0,2.1,32.5,56.6,7.1,0.0,1.7,352000,32,003,005714
"Census Tract 57.15, Clark County, Nevada",1400000US32003005715,0.8,0.0,3.0,31.0,26.6,22.9,15.7,643200,32,003,005715
"Census Tract 57.16, Clark County, Nevada",1400000US32003005716,1.7,0.0,21.3,59.7,14.4,2.9,0.0,366400,32,003,005716
"Census Tract 58.22, Clark County, Nevada",1400000US32003005822,1.4,0.9,28.5,54.6,10.7,3.8,0.0,348000,32,003,005822
"Census Tract 58.23, Clark County, Nevada",1400000US32003005823,1.3,0.0,17.6,29.1,32.4,14.0,5.5,514700,32,003,005823
"Census Tract 58.24, Clark County, Nevada",1400000US32003005824,0.0,0.0,16.7,42.4,35.7,5.2,0.0,458700,32,003,005824
"Census Tract 58.25, Clark County, Nevada",1400000US32003005825,0.0,14.7,67.0,18.3,0.0,0.0,0.0,225200,32,003,005825
"Census Tract 58.26, Clark County, Nevada",1400000US32003005826,4.8,0.0,53.8,39.9,1.5,0.0,0.0,287800,32,003,005826
"Census Tract 58.27, Clark County, Nevada",1400000US32003005827,2.6,2.8,56.8,33.6,3.4,0.0,0.8,266700,32,003,005827
"Census Tract 58.28, Clark County, Nevada",1400000US32003005828,3.5,0.0,63.0,32.2,0.0,0.0,1.4,248800,32,003,005828
"Census Tract 58.29, Clark County, Nevada",1400000US32003005829,0.0,2.3,77.1,20.7,0.0,0.0,0.0,214000,32,003,005829
"Census Tract 58.30, Clark County, Nevada",1400000US32003005830,0.0,0.0,86.6,11.9,1.5,0.0,0.0,221300,32,003,005830
"Census Tract 58.31, Clark County, Nevada",1400000US32003005831,2.0,0.0,43.1,43.5,10.5,0.0,1.0,315200,32,003,005831
"Census Tract 58.32, Clark County, Nevada",1400000US32003005832,0.0,1.1,55.1,42.5,0.0,0.0,1.2,277700,32,003,005832
"Census Tract 58.33, Clark County, Nevada",1400000US32003005833,0.6,0.0,64.9,30.8,3.7,0.0,0.0,261100,32,003,005833
"Census Tract 58.34, Clark County, Nevada",1400000US32003005834,0.0,0.0,41.1,21.7,21.5,9.2,6.5,353100,32,003,005834
"Census Tract 58.35, Clark County, Nevada",1400000US32003005835,1.7,0.0,19.7,60.1,18.5,0.0,0.0,373900,32,003,005835
"Census Tract 58.36, Clark County, Nevada",1400000US32003005836,1.7,0.0,59.9,37.2,0.0,0.0,1.2,261800,32,003,005836
"Census Tract 58.37, Clark County, Nevada",1400000US32003005837,1.3,0.0,46.5,38.1,14.1,0.0,0.0,306500,32,003,005837
"Census Tract 58.38, Clark County, Nevada",1400000US32003005838,1.1,0.0,68.1,23.3,4.9,2.1,0.5,253700,32,003,005838
"Census Tract 58.39, Clark County, Nevada",1400000US32003005839,0.0,0.0,55.7,18.7,9.8,2.8,13.1,287000,32,003,005839
"Census Tract 58.40, Clark County, Nevada",1400000US32003005840,1.4,1.3,74.3,21.1,1.3,0.0,0.5,232400,32,003,005840
"Census Tract 58.41, Clark County, Nevada",1400000US32003005841,1.5,1.0,22.5,31.1,16.4,12.4,15.2,427800,32,003,005841
"Census Tract 58.42, Clark County, Nevada",1400000US32003005842,1.7,0.0,24.0,23.3,1.5,3.5,46.0,-666666666,32,003,005842
"Census Tract 58.43, Clark County, Nevada",1400000US32003005843,0.0,0.0,51.2,48.8,0.0,0.0,0.0,296800,32,003,005843
"Census Tract 58.44, Clark County, Nevada",1400000US32003005844,2.9,0.0,40.2,29.3,9.0,8.0,10.6,337800,32,003,005844
"Census Tract 58.45, Clark County, Nevada",1400000US32003005845,1.3,0.0,45.9,39.2,13.6,0.0,0.0,314400,32,003,005845
"Census Tract 58.46, Clark County, Nevada",1400000US32003005846,2.0,0.0,17.0,68.3,11.0,0.8,0.9,371900,32,003,005846
"Census Tract 58.47, Clark County, Nevada",1400000US32003005847,2.1,2.1,85.1,6.4,3.0,1.3,0.0,250300,32,003,005847
"Census Tract 58.48, Clark County, Nevada",1400000US32003005848,0.0,3.4,75.2,14.1,7.3,0.0,0.0,213300,32,003,005848
"Census Tract 58.49, Clark County, Nevada",1400000US32003005849,1.6,2.1,70.7,19.7,0.0,0.0,6.0,227200,32,003,005849
"Census Tract 58.50, Clark County, Nevada",1400000US32003005850,1.1,1.5,53.9,42.7,0.8,0.0,0.0,282100,32,003,005850
"Census Tract 58.51, Clark County, Nevada",1400000US32003005851,1.9,1.6,58.6,34.0,0.0,0.0,4.0,270100,32,003,005851
"Census Tract 58.52, Clark County, Nevada",1400000US32003005852,0.0,0.7,51.7,47.6,0.0,0.0,0.0,292800,32,003,005852
"Census Tract 58.53, Clark County, Nevada",1400000US32003005853,1.5,1.6,66.7,30.3,0.0,0.0,0.0,255500,32,003,005853
"Census Tract 58.54, Clark County, Nevada",1400000US32003005854,3.1,3.1,67.2,17.3,9.3,0.0,0.0,205400,32,003,005854
"Census Tract 58.55, Clark County, Nevada",1400000US32003005855,4.9,0.0,44.6,42.8,7.7,0.0,0.0,301500,32,003,005855
"Census Tract 58.56, Clark County, Nevada",1400000US32003005856,4.5,1.8,34.6,48.8,10.4,0.0,0.0,324100,32,003,005856
"Census Tract 59.03, Clark County, Nevada",1400000US32003005903,1.3,7.8,66.9,21.3,2.7,0.0,0.0,232300,32,003,005903
"Census Tract 59.04, Clark County, Nevada",1400000US32003005904,2.7,0.0,64.3,30.1,2.8,0.0,0.0,270900,32,003,005904
"Census Tract 59.05, Clark County, Nevada",1400000US32003005905,2.6,34.2,50.2,13.0,0.0,0.0,0.0,136400,32,003,005905
"Census Tract 60.01, Clark County, Nevada",1400000US32003006001,29.1,36.7,34.2,0.0,0.0,0.0,0.0,55700,32,003,006001
"Census Tract 61.04, Clark County, Nevada",1400000US32003006104,2.3,2.8,48.5,42.4,4.1,0.0,0.0,294400,32,003,006104
"Census Tract 67, Clark County, Nevada",1400000US32003006700,0.0,17.6,17.6,0.0,0.0,14.7,50.0,-666666666,32,003,006700
"Census Tract 68, Clark County, Nevada",1400000US32003006800,0.0,26.1,72.3,1.5,0.0,0.0,0.0,163900,32,003,006800
"Census Tract 69, Clark County, Nevada",1400000US32003006900,1.1,14.0,37.8,28.4,15.5,1.1,2.2,290000,32,003,006900
"Census Tract 71, Clark County, Nevada",1400000US32003007100,23.4,32.8,39.8,4.0,0.0,0.0,0.0,85800,32,003,007100
"Census Tract 72, Clark County, Nevada",1400000US32003007200,8.9,25.1,43.9,18.2,0.0,0.0,3.9,144300,32,003,007200
"Census Tract 75, Clark County, Nevada",1400000US32003007500,0.0,3.0,22.6,41.5,14.1,13.7,5.2,404200,32,003,007500
"Census Tract 76, Clark County, Nevada",1400000US32003007600,12.8,6.6,62.4,13.9,3.2,0.0,1.1,209400,32,003,007600
"Census Tract 78, Clark County, Nevada",1400000US32003007800,-666666666.0,-666666666.0,-666666666.0,-666666666.0,-666666666.0,-666666666.0,-666666666.0,-666666666,32,003,007800
"Census Tract 10, Douglas County, Nevada",1400000US32005001000,0.0,0.0,68.9,29.9,1.2,0.0,0.0,244600,32,005,001000
"Census Tract 11, Douglas County, Nevada",1400000US32005001100,3.9,0.0,79.1,12.6,2.4,0.0,2.0,223100,32,005,001100
"Census Tract 12, Douglas County, Nevada",1400000US32005001200,2.3,2.3,40.6,43.6,8.1,3.0,0.0,315800,32,005,001200
"Census Tract 13, Douglas County, Nevada",1400000US32005001300,1.7,1.5,7.6,36.3,21.5,15.4,16.0,533800,32,005,001300
"Census Tract 14, Douglas County, Nevada",1400000US32005001400,0.0,0.0,51.2,42.1,5.7,0.0,1.0,297300,32,005,001400
"Census Tract 15, Douglas County, Nevada",1400000US32005001500,1.4,2.4,64.5,29.6,2.0,0.0,0.0,238000,32,005,001500
"Census Tract 16, Douglas County, Nevada",1400000US32005001600,7.4,0.0,0.0,20.8,22.7,10.6,38.4,739800,32,005,001600
"Census Tract 17, Douglas County, Nevada",1400000US32005001700,0.0,0.0,14.9,21.4,57.7,6.0,0.0,559300,32,005,001700
"Census Tract 18, Douglas County, Nevada",1400000US32005001800,0.0,0.0,24.1,39.8,22.4,5.6,8.0,435200,32,005,001800
"Census Tract 19, Douglas County, Nevada",1400000US32005001900,3.1,0.0,11.9,24.7,27.8,5.7,26.9,593300,32,005,001900
"Census Tract 32.19, Clark County, Nevada",1400000US32003003219,0.0,6.6,59.1,26.9,7.4,0.0,0.0,256600,32,003,003219
"Census Tract 32.22, Clark County, Nevada",1400000US32003003222,1.7,3.3,65.8,29.1,0.0,0.0,0.0,250400,32,003,003222
"Census Tract 33.05, Clark County, Nevada",1400000US32003003305,2.8,10.2,70.1,16.8,0.0,0.0,0.0,216500,32,003,003305
"Census Tract 34.14, Clark County, Nevada",1400000US32003003414,2.4,0.0,56.0,41.6,0.0,0.0,0.0,279800,32,003,003414
"Census Tract 34.20, Clark County, Nevada",1400000US32003003420,3.1,34.2,56.8,5.9,0.0,0.0,0.0,110500,32,003,003420
"Census Tract 37, Clark County, Nevada",1400000US32003003700,8.0,50.6,40.3,1.1,0.0,0.0,0.0,80800,32,003,003700
"Census Tract 45, Clark County, Nevada",1400000US32003004500,0.0,29.9,70.1,0.0,0.0,0.0,0.0,115200,32,003,004500
"Census Tract 1.03, Clark County, Nevada",1400000US32003000103,15.0,26.2,57.5,0.0,0.0,0.0,1.4,108100,32,003,000103
"Census Tract 3.01, Clark County, Nevada",1400000US32003000301,6.7,50.0,43.3,0.0,0.0,0.0,0.0,88500,32,003,000301
"Census Tract 3.02, Clark County, Nevada",1400000US32003000302,9.1,15.5,75.4,0.0,0.0,0.0,0.0,137200,32,003,000302
"Census Tract 5.13, Clark County, Nevada",1400000US32003000513,2.9,34.0,63.1,0.0,0.0,0.0,0.0,119400,32,003,000513
"Census Tract 7, Clark County, Nevada",1400000US32003000700,0.0,0.0,82.1,17.9,0.0,0.0,0.0,280500,32,003,000700
"Census Tract 11, Clark County, Nevada",1400000US32003001100,0.0,0.0,100.0,0.0,0.0,0.0,0.0,-666666666,32,003,001100
"Census Tract 16.08, Clark County, Nevada",1400000US32003001608,8.2,23.3,68.5,0.0,0.0,0.0,0.0,150300,32,003,001608
"Census Tract 51.06, Clark County, Nevada",1400000US32003005106,0.0,0.0,88.4,11.6,0.0,0.0,0.0,259900,32,003,005106
"Census Tract 49.18, Clark County, Nevada",1400000US32003004918,1.2,5.5,82.8,8.4,1.4,0.0,0.7,190500,32,003,004918
"Census Tract 49.23, Clark County, Nevada",1400000US32003004923,0.0,4.5,84.8,10.8,0.0,0.0,0.0,189200,32,003,004923
"Census Tract 51.08, Clark County, Nevada",1400000US32003005108,0.0,11.2,81.7,7.1,0.0,0.0,0.0,202800,32,003,005108
"Census Tract 51.09, Clark County, Nevada",1400000US32003005109,3.2,1.8,75.4,19.6,0.0,0.0,0.0,238000,32,003,005109
"Census Tract 53.19, Clark County, Nevada",1400000US32003005319,2.9,0.0,78.0,19.2,0.0,0.0,0.0,234300,32,003,005319
"Census Tract 56.13, Clark County, Nevada",1400000US32003005613,3.4,0.6,76.7,14.7,2.5,0.0,2.1,212700,32,003,005613
"Census Tract 57.05, Clark County, Nevada",1400000US32003005705,3.0,2.4,83.0,6.8,4.8,0.0,0.0,170400,32,003,005705
"Census Tract 59.02, Clark County, Nevada",1400000US32003005902,1.6,31.9,57.4,0.0,9.0,0.0,0.0,160700,32,003,005902
"Census Tract 62.03, Clark County, Nevada",1400000US32003006203,3.0,28.2,65.8,1.1,0.0,1.3,0.6,132200,32,003,006203
"Census Tract 62.04, Clark County, Nevada",1400000US32003006204,3.4,11.3,85.3,0.0,0.0,0.0,0.0,163300,32,003,006204
"Census Tract 58.18, Clark County, Nevada",1400000US32003005818,0.0,39.1,60.9,0.0,0.0,0.0,0.0,139900,32,003,005818
"Census Tract 49.07, Clark County, Nevada",1400000US32003004907,1.6,0.0,61.7,34.1,2.5,0.0,0.0,261100,32,003,004907
"Census Tract 49.11, Clark County, Nevada",1400000US32003004911,7.6,24.6,66.1,0.0,0.0,1.6,0.0,126900,32,003,004911
"Census Tract 10.03, Clark County, Nevada",1400000US32003001003,2.0,12.4,51.5,31.2,2.8,0.0,0.0,220300,32,003,001003
"Census Tract 16.13, Clark County, Nevada",1400000US32003001613,5.8,19.0,52.0,19.4,3.8,0.0,0.0,151200,32,003,001613
"Census Tract 17.14, Clark County, Nevada",1400000US32003001714,0.0,5.9,90.7,3.4,0.0,0.0,0.0,181300,32,003,001714
"Census Tract 20, Clark County, Nevada",1400000US32003002000,5.0,10.2,57.1,10.6,17.1,0.0,0.0,193300,32,003,002000
"Census Tract 25.05, Clark County, Nevada",1400000US32003002505,0.0,37.3,29.4,33.3,0.0,0.0,0.0,114800,32,003,002505
"Census Tract 28.26, Clark County, Nevada",1400000US32003002826,4.0,1.9,83.9,7.4,1.4,1.4,0.0,169100,32,003,002826
"Census Tract 29.36, Clark County, Nevada",1400000US32003002936,0.0,10.5,80.9,8.7,0.0,0.0,0.0,168600,32,003,002936
"Census Tract 29.44, Clark County, Nevada",1400000US32003002944,3.2,6.7,51.8,36.4,0.0,0.0,1.9,274500,32,003,002944
"Census Tract 29.56, Clark County, Nevada",1400000US32003002956,9.6,0.0,9.6,56.4,24.5,0.0,0.0,420000,32,003,002956
"Census Tract 30.01, Clark County, Nevada",1400000US32003003001,2.7,4.8,90.6,0.0,1.8,0.0,0.0,161500,32,003,003001
"Census Tract 33.03, Clark County, Nevada",1400000US32003003303,2.4,5.2,73.0,18.8,0.6,0.0,0.0,204600,32,003,003303
"Census Tract 34.16, Clark County, Nevada",1400000US32003003416,1.4,4.6,89.9,4.1,0.0,0.0,0.0,182600,32,003,003416
"Census Tract 34.18, Clark County, Nevada",1400000US32003003418,4.3,0.0,82.6,6.1,7.0,0.0,0.0,212900,32,003,003418
"Census Tract 34.21, Clark County, Nevada",1400000US32003003421,2.8,2.2,95.0,0.0,0.0,0.0,0.0,184300,32,003,003421
"Census Tract 34.23, Clark County, Nevada",1400000US32003003423,8.1,12.9,75.1,3.9,0.0,0.0,0.0,156000,32,003,003423
"Census Tract 36.09, Clark County, Nevada",1400000US32003003609,1.8,2.1,85.4,10.3,0.3,0.0,0.0,180100,32,003,003609
"Census Tract 36.10, Clark County, Nevada",1400000US32003003610,3.5,7.4,84.9,1.9,2.2,0.0,0.0,168100,32,003,003610
"Census Tract 36.12, Clark County, Nevada",1400000US32003003612,0.0,9.9,83.3,5.3,0.0,0.0,1.5,166600,32,003,003612
"Census Tract 47.07, Clark County, Nevada",1400000US32003004707,0.0,4.5,73.4,22.0,0.0,0.0,0.0,169600,32,003,004707
"Census Tract 47.09, Clark County, Nevada",1400000US32003004709,4.4,20.0,71.6,4.0,0.0,0.0,0.0,140500,32,003,004709
"Census Tract 49.14, Clark County, Nevada",1400000US32003004914,2.0,5.3,92.6,0.0,0.0,0.0,0.0,161100,32,003,004914
"Census Tract 49.24, Clark County, Nevada",1400000US32003004924,1.5,17.4,81.0,0.0,0.0,0.0,0.0,163000,32,003,004924
"Census Tract 50.06, Clark County, Nevada",1400000US32003005006,33.2,38.9,27.9,0.0,0.0,0.0,0.0,84600,32,003,005006
"Census Tract 51.04, Clark County, Nevada",1400000US32003005104,5.3,25.0,43.7,21.7,1.8,0.0,2.5,215900,32,003,005104
"Census Tract 53.21, Clark County, Nevada",1400000US32003005321,4.0,0.0,53.7,41.7,0.6,0.0,0.0,275000,32,003,005321
"Census Tract 55.04, Clark County, Nevada",1400000US32003005504,2.4,10.4,61.4,18.4,5.9,1.5,0.0,267000,32,003,005504
"Census Tract 5.14, Clark County, Nevada",1400000US32003000514,25.4,31.1,43.4,0.0,0.0,0.0,0.0,95100,32,003,000514
"Census Tract 5.10, Clark County, Nevada",1400000US32003000510,5.8,55.3,38.8,0.0,0.0,0.0,0.0,89800,32,003,000510
"Census Tract 12, Clark County, Nevada",1400000US32003001200,4.8,12.0,78.4,4.8,0.0,0.0,0.0,148300,32,003,001200
"Census Tract 17.11, Clark County, Nevada",1400000US32003001711,0.0,53.2,46.8,0.0,0.0,0.0,0.0,97900,32,003,001711
"Census Tract 17.06, Clark County, Nevada",1400000US32003001706,1.9,16.2,68.0,11.6,2.3,0.0,0.0,148800,32,003,001706
"Census Tract 17.09, Clark County, Nevada",1400000US32003001709,1.5,8.9,83.1,6.4,0.0,0.0,0.0,164900,32,003,001709
"Census Tract 27.08, Clark County, Nevada",1400000US32003002708,0.0,40.4,59.6,0.0,0.0,0.0,0.0,109000,32,003,002708
"Census Tract 28.21, Clark County, Nevada",1400000US32003002821,14.9,9.7,14.2,41.8,19.4,0.0,0.0,331300,32,003,002821
"Census Tract 28.29, Clark County, Nevada",1400000US32003002829,1.2,0.6,80.4,10.7,7.0,0.0,0.0,197500,32,003,002829
"Census Tract 29.19, Clark County, Nevada",1400000US32003002919,0.0,22.2,65.7,12.1,0.0,0.0,0.0,173400,32,003,002919
"Census Tract 29.35, Clark County, Nevada",1400000US32003002935,2.3,2.3,83.1,9.6,0.0,2.7,0.0,228000,32,003,002935
"Census Tract 29.49, Clark County, Nevada",1400000US32003002949,0.0,2.9,97.1,0.0,0.0,0.0,0.0,180300,32,003,002949
"Census Tract 29.50, Clark County, Nevada",1400000US32003002950,1.2,8.7,75.3,11.0,3.7,0.0,0.0,169500,32,003,002950
"Census Tract 29.53, Clark County, Nevada",1400000US32003002953,0.6,1.4,95.0,2.9,0.0,0.0,0.0,181600,32,003,002953
"Census Tract 31.02, Clark County, Nevada",1400000US32003003102,16.3,19.3,63.3,0.0,1.0,0.0,0.0,114700,32,003,003102
"Census Tract 32.13, Clark County, Nevada",1400000US32003003213,4.2,0.0,66.2,27.5,2.1,0.0,0.0,247400,32,003,003213
"Census Tract 36.07, Clark County, Nevada",1400000US32003003607,1.6,4.7,86.7,2.4,3.7,0.0,0.9,184500,32,003,003607
"Census Tract 32.27, Clark County, Nevada",1400000US32003003227,2.1,2.1,52.0,21.9,14.4,7.4,0.0,289000,32,003,003227
"Census Tract 29.83, Clark County, Nevada",1400000US32003002983,0.0,1.4,85.3,9.5,2.5,1.4,0.0,202900,32,003,002983
"Census Tract 29.84, Clark County, Nevada",1400000US32003002984,0.0,0.0,57.8,33.0,9.2,0.0,0.0,247700,32,003,002984
"Census Tract 29.85, Clark County, Nevada",1400000US32003002985,0.0,0.0,75.3,16.9,5.2,2.6,0.0,237800,32,003,002985
"Census Tract 29.95, Clark County, Nevada",1400000US32003002995,0.0,100.0,0.0,0.0,0.0,0.0,0.0,74000,32,003,002995
"Census Tract 5.01, Carson City, Nevada",1400000US32510000501,0.0,6.1,93.9,0.0,0.0,0.0,0.0,164100,32,510,000501
"Census Tract 5.02, Carson City, Nevada",1400000US32510000502,14.0,5.3,80.7,0.0,0.0,0.0,0.0,207800,32,510,000502
"Census Tract 7.01, Carson City, Nevada",1400000US32510000701,6.3,2.0,81.3,8.7,1.7,0.0,0.0,191900,32,510,000701
"Census Tract 7.02, Carson City, Nevada",1400000US32510000702,3.7,0.0,74.8,18.6,1.4,0.0,1.4,238700,32,510,000702
"Census Tract 10.01, Carson City, Nevada",1400000US32510001001,2.4,9.8,87.8,0.0,0.0,0.0,0.0,143000,32,510,001001
"Census Tract 10.02, Carson City, Nevada",1400000US32510001002,0.0,1.3,59.2,37.5,2.1,0.0,0.0,270200,32,510,001002
"Census Tract 9900, Carson City, Nevada",1400000US32510990000,-666666666.0,-666666666.0,-666666666.0,-666666666.0,-666666666.0,-666666666.0,-666666666.0,-666666666,32,510,990000
"Census Tract 20, Douglas County, Nevada",1400000US32005002000,3.1,7.1,68.0,12.2,6.8,0.0,2.8,219000,32,005,002000
"Census Tract 21, Douglas County, Nevada",1400000US32005002100,2.9,0.0,63.2,27.8,4.9,1.2,0.0,253300,32,005,002100
"Census Tract 22, Douglas County, Nevada",1400000US32005002200,2.4,0.0,25.4,45.6,26.6,0.0,0.0,376700,32,005,002200
"Census Tract 23, Douglas County, Nevada",1400000US32005002300,3.7,0.0,17.0,37.6,29.2,8.9,3.7,446300,32,005,002300
"Census Tract 24, Douglas County, Nevada",1400000US32005002400,6.8,11.1,52.6,24.7,2.6,2.1,0.0,175000,32,005,002400
"Census Tract 25, Douglas County, Nevada",1400000US32005002500,3.1,16.3,69.3,8.4,2.1,0.3,0.5,176200,32,005,002500
"Census Tract 9900, Douglas County, Nevada",1400000US32005990000,-666666666.0,-666666666.0,-666666666.0,-666666666.0,-666666666.0,-666666666.0,-666666666.0,-666666666,32,005,990000
"Census Tract 9507.01, Elko County, Nevada",1400000US32007950701,1.8,0.0,68.1,23.5,6.7,0.0,0.0,257500,32,007,950701
"Census Tract 9507.02, Elko County, Nevada",1400000US32007950702,3.4,1.9,60.8,30.2,3.7,0.0,0.0,240200,32,007,950702
"Census Tract 9512.01, Elko County, Nevada",1400000US32007951201,4.0,2.5,66.3,26.4,0.0,0.0,0.7,255000,32,007,951201
"Census Tract 9512.02, Elko County, Nevada",1400000US32007951202,11.0,25.3,45.3,14.9,2.0,0.0,1.4,147200,32,007,951202
"Census Tract 9514.01, Elko County, Nevada",1400000US32007951401,5.1,14.3,79.5,1.1,0.0,0.0,0.0,164400,32,007,951401
"Census Tract 9514.02, Elko County, Nevada",1400000US32007951402,2.1,1.1,70.6,19.8,6.4,0.0,0.0,237800,32,007,951402
"Census Tract 9517, Elko County, Nevada",1400000US32007951700,60.8,0.0,39.2,0.0,0.0,0.0,0.0,-666666666,32,007,951700
"Census Tract 107.01, Humboldt County, Nevada",1400000US32013010701,1.7,6.4,89.6,2.3,0.0,0.0,0.0,180600,32,013,010701
"Census Tract 107.02, Humboldt County, Nevada",1400000US32013010702,2.9,2.0,70.3,23.9,0.9,0.0,0.0,242500,32,013,010702
"Census Tract 3, Lander County, Nevada",1400000US32015000300,0.3,19.1,74.5,6.2,0.0,0.0,0.0,199000,32,015,000300
"Census Tract 9601.01, Lyon County, Nevada",1400000US32019960101,1.7,8.3,77.5,12.5,0.0,0.0,0.0,174400,32,019,960101
"Census Tract 9601.02, Lyon County, Nevada",1400000US32019960102,4.6,14.2,78.8,2.4,0.0,0.0,0.0,154500,32,019,960102
"Census Tract 9601.03, Lyon County, Nevada",1400000US32019960103,4.2,46.8,44.9,0.0,0.0,0.0,4.2,99700,32,019,960103
"Census Tract 9602.01, Lyon County, Nevada",1400000US32019960201,17.4,30.1,44.0,8.5,0.0,0.0,0.0,105100,32,019,960201
"Census Tract 9602.02, Lyon County, Nevada",1400000US32019960202,10.3,47.3,37.7,4.7,0.0,0.0,0.0,88200,32,019,960202
"Census Tract 9603.01, Lyon County, Nevada",1400000US32019960301,19.6,42.1,28.1,10.2,0.0,0.0,0.0,79800,32,019,960301
"Census Tract 9603.02, Lyon County, Nevada",1400000US32019960302,3.3,10.3,78.7,5.3,0.0,2.4,0.0,171500,32,019,960302
"Census Tract 9603.03, Lyon County, Nevada",1400000US32019960303,0.0,5.7,71.8,19.5,3.0,0.0,0.0,217700,32,019,960303
"Census Tract 9609, Lyon County, Nevada",1400000US32019960900,24.9,18.3,54.4,2.3,0.0,0.0,0.0,113100,32,019,960900
"Census Tract 9707, Mineral County, Nevada",1400000US32021970700,6.3,44.9,46.3,2.5,0.0,0.0,0.0,96500,32,021,970700
"Census Tract 9708, Mineral County, Nevada",1400000US32021970800,35.5,21.8,42.7,0.0,0.0,0.0,0.0,81800,32,021,970800
"Census Tract 9601, Nye County, Nevada",1400000US32023960100,13.8,44.9,31.8,6.7,2.8,0.0,0.0,93900,32,023,960100
"Census Tract 9602, Nye County, Nevada",1400000US32023960200,12.9,31.6,55.5,0.0,0.0,0.0,0.0,110600,32,023,960200
"Census Tract 9603, Nye County, Nevada",1400000US32023960300,28.0,18.3,9.7,0.0,0.0,9.7,34.4,-666666666,32,023,960300
"Census Tract 9604.01, Nye County, Nevada",1400000US32023960401,2.9,6.1,84.6,5.0,0.0,1.4,0.0,165300,32,023,960401
"Census Tract 9604.02, Nye County, Nevada",1400000US32023960402,6.4,26.8,60.4,6.4,0.0,0.0,0.0,119000,32,023,960402
"Census Tract 9604.03, Nye County, Nevada",1400000US32023960403,14.4,42.6,39.4,3.6,0.0,0.0,0.0,87000,32,023,960403
"Census Tract 9604.04, Nye County, Nevada",1400000US32023960404,14.0,10.0,65.3,10.7,0.0,0.0,0.0,165500,32,023,960404
"Census Tract 9604.05, Nye County, Nevada",1400000US32023960405,11.8,41.5,44.9,1.7,0.0,0.0,0.0,95900,32,023,960405
"Census Tract 9604.06, Nye County, Nevada",1400000US32023960406,3.4,14.2,64.1,18.3,0.0,0.0,0.0,183800,32,023,960406
"Census Tract 9601, Pershing County, Nevada",1400000US32027960100,5.5,25.7,66.1,1.7,0.0,0.0,0.9,118900,32,027,960100
"Census Tract 9702, Storey County, Nevada",1400000US32029970200,3.6,12.3,64.3,12.2,7.6,0.0,0.0,173700,32,029,970200
"Census Tract 1.01, Washoe County, Nevada",1400000US32031000101,0.0,5.4,44.6,24.7,13.4,0.0,11.8,300000,32,031,000101
"Census Tract 1.02, Washoe County, Nevada",1400000US32031000102,14.8,0.0,57.4,27.9,0.0,0.0,0.0,251800,32,031,000102
"Census Tract 2.01, Washoe County, Nevada",1400000US32031000201,0.0,0.0,100.0,0.0,0.0,0.0,0.0,169800,32,031,000201
"Census Tract 2.02, Washoe County, Nevada",1400000US32031000202,0.0,0.0,76.0,24.0,0.0,0.0,0.0,206700,32,031,000202
"Census Tract 10.08, Washoe County, Nevada",1400000US32031001008,0.0,0.0,100.0,0.0,0.0,0.0,0.0,-666666666,32,031,001008
"Census Tract 10.09, Washoe County, Nevada",1400000US32031001009,21.1,21.1,38.5,19.3,0.0,0.0,0.0,163800,32,031,001009
"Census Tract 10.10, Washoe County, Nevada",1400000US32031001010,0.0,2.0,19.3,58.5,13.6,5.2,1.4,391100,32,031,001010
"Census Tract 10.11, Washoe County, Nevada",1400000US32031001011,0.0,0.0,11.0,37.9,33.0,8.5,9.5,508000,32,031,001011
"Census Tract 10.12, Washoe County, Nevada",1400000US32031001012,3.1,1.3,31.0,30.4,14.1,11.7,8.4,362800,32,031,001012
"Census Tract 10.13, Washoe County, Nevada",1400000US32031001013,3.5,0.0,6.5,19.5,37.4,17.4,15.7,637300,32,031,001013
"Census Tract 10.14, Washoe County, Nevada",1400000US32031001014,3.8,0.0,23.1,32.2,30.5,6.3,4.1,430900,32,031,001014
"Census Tract 10.15, Washoe County, Nevada",1400000US32031001015,0.0,1.7,13.4,47.4,26.4,8.4,2.6,458500,32,031,001015
"Census Tract 12.01, Washoe County, Nevada",1400000US32031001201,0.0,5.0,22.5,58.5,6.2,0.0,7.8,400000,32,031,001201
"Census Tract 12.02, Washoe County, Nevada",1400000US32031001202,0.0,0.0,55.2,44.8,0.0,0.0,0.0,260400,32,031,001202
"Census Tract 15.01, Washoe County, Nevada",1400000US32031001501,10.5,12.5,31.9,41.4,3.6,0.0,0.0,277600,32,031,001501
"Census Tract 15.02, Washoe County, Nevada",1400000US32031001502,0.0,71.2,28.8,0.0,0.0,0.0,0.0,68500,32,031,001502
"Census Tract 17.01, Washoe County, Nevada",1400000US32031001701,0.0,38.9,34.1,10.3,0.0,16.8,0.0,166500,32,031,001701
"Census Tract 17.02, Washoe County, Nevada",1400000US32031001702,0.0,16.2,71.8,12.0,0.0,0.0,0.0,170600,32,031,001702
"Census Tract 18.01, Washoe County, Nevada",1400000US32031001801,0.0,19.5,67.1,7.7,2.2,0.0,3.6,150700,32,031,001801
"Census Tract 18.02, Washoe County, Nevada",1400000US32031001802,0.0,41.6,58.4,0.0,0.0,0.0,0.0,153900,32,031,001802
"Census Tract 22.08, Washoe County, Nevada",1400000US32031002208,0.0,0.0,36.5,63.5,0.0,0.0,0.0,328700,32,031,002208
"Census Tract 21.07, Washoe County, Nevada",1400000US32031002107,1.5,23.1,70.0,5.4,0.0,0.0,0.0,147300,32,031,002107
"Census Tract 22.06, Washoe County, Nevada",1400000US32031002206,1.3,0.0,53.5,41.5,3.7,0.0,0.0,292400,32,031,002206
"Census Tract 22.07, Washoe County, Nevada",1400000US32031002207,1.0,0.0,36.2,55.3,7.6,0.0,0.0,335500,32,031,002207
"Census Tract 22.09, Washoe County, Nevada",1400000US32031002209,0.0,0.0,36.3,60.5,3.2,0.0,0.0,333600,32,031,002209
"Census Tract 22.10, Washoe County, Nevada",1400000US32031002210,1.5,0.0,25.5,54.6,18.4,0.0,0.0,393700,32,031,002210
"Census Tract 22.11, Washoe County, Nevada",1400000US32031002211,100.0,0.0,0.0,0.0,0.0,0.0,0.0,-666666666,32,031,002211
"Census Tract 22.12, Washoe County, Nevada",1400000US32031002212,36.0,48.8,15.1,0.0,0.0,0.0,0.0,63400,32,031,002212
"Census Tract 23.01, Washoe County, Nevada",1400000US32031002301,0.0,1.0,20.9,52.4,22.1,3.7,0.0,395700,32,031,002301
"Census Tract 23.02, Washoe County, Nevada",1400000US32031002302,0.0,0.0,43.1,40.2,8.4,3.1,5.2,324300,32,031,002302
"Census Tract 24.07, Washoe County, Nevada",1400000US32031002407,0.0,0.0,68.0,31.4,0.6,0.0,0.0,266800,32,031,002407
"Census Tract 24.08, Washoe County, Nevada",1400000US32031002408,1.6,3.4,36.9,56.5,1.6,0.0,0.0,317000,32,031,002408
"Census Tract 24.09, Washoe County, Nevada",1400000US32031002409,2.9,1.8,43.2,39.2,10.9,0.0,2.0,308900,32,031,002409
"Census Tract 24.10, Washoe County, Nevada",1400000US32031002410,2.9,5.5,69.6,22.0,0.0,0.0,0.0,244600,32,031,002410
"Census Tract 24.11, Washoe County, Nevada",1400000US32031002411,0.0,0.0,57.4,41.6,1.0,0.0,0.0,288300,32,031,002411
"Census Tract 24.12, Washoe County, Nevada",1400000US32031002412,1.3,0.0,42.0,44.3,11.5,0.9,0.0,321900,32,031,002412
"Census Tract 49.17, Clark County, Nevada",1400000US32003004917,5.7,12.3,71.8,8.8,0.0,1.4,0.0,162800,32,003,004917
"Census Tract 32.11, Clark County, Nevada",1400000US32003003211,3.1,1.4,71.8,23.7,0.0,0.0,0.0,226900,32,003,003211
"Census Tract 34.19, Clark County, Nevada",1400000US32003003419,0.0,74.0,26.0,0.0,0.0,0.0,0.0,88900,32,003,003419
"Census Tract 53.22, Clark County, Nevada",1400000US32003005322,1.4,0.0,38.6,36.4,21.8,1.8,0.0,341200,32,003,005322
"Census Tract 6, Clark County, Nevada",1400000US32003000600,0.0,55.8,44.2,0.0,0.0,0.0,0.0,-666666666,32,003,000600
"Census Tract 17.18, Clark County, Nevada",1400000US32003001718,8.1,54.1,37.8,0.0,0.0,0.0,0.0,94300,32,003,001718
"Census Tract 26.03, Clark County, Nevada",1400000US32003002603,-666666666.0,-666666666.0,-666666666.0,-666666666.0,-666666666.0,-666666666.0,-666666666.0,-666666666,32,003,002603
"Census Tract 30.05, Clark County, Nevada",1400000US32003003005,3.6,5.9,85.3,5.2,0.0,0.0,0.0,166000,32,003,003005
"Census Tract 35, Clark County, Nevada",1400000US32003003500,12.7,31.5,47.0,8.8,0.0,0.0,0.0,105000,32,003,003500
"Census Tract 49.12, Clark County, Nevada",1400000US32003004912,4.4,24.8,69.4,0.0,0.0,1.5,0.0,132300,32,003,004912
"Census Tract 53.17, Clark County, Nevada",1400000US32003005317,1.9,7.4,44.6,37.5,6.7,1.9,0.0,271900,32,003,005317
"Census Tract 53.38, Clark County, Nevada",1400000US32003005338,2.0,0.0,76.4,21.6,0.0,0.0,0.0,220900,32,003,005338
"Census Tract 8, Carson City, Nevada",1400000US32510000800,0.0,0.0,31.1,52.4,10.9,2.6,3.0,355800,32,510,000800
"Census Tract 3, Carson City, Nevada",1400000US32510000300,0.5,0.2,12.8,59.4,16.6,7.6,2.9,434700,32,510,000300
"Census Tract 4, Carson City, Nevada",1400000US32510000400,1.3,2.8,64.0,26.3,3.1,2.6,0.0,236700,32,510,000400
"Census Tract 1, Carson City, Nevada",1400000US32510000100,0.0,6.5,56.4,28.3,4.2,2.3,2.3,248200,32,510,000100
"Census Tract 2, Carson City, Nevada",1400000US32510000200,3.9,0.0,57.0,33.9,5.1,0.0,0.0,263200,32,510,000200
"Census Tract 9, Carson City, Nevada",1400000US32510000900,14.1,22.1,61.9,1.9,0.0,0.0,0.0,117800,32,510,000900
"Census Tract 6, Carson City, Nevada",1400000US32510000600,0.0,11.9,85.1,0.0,0.0,0.0,3.1,183700,32,510,000600
"Census Tract 9608, Lyon County, Nevada",1400000US32019960800,0.0,16.1,37.0,39.0,1.8,0.0,6.2,287200,32,019,960800
"Census Tract 29.96, Clark County, Nevada",1400000US32003002996,0.0,100.0,0.0,0.0,0.0,0.0,0.0,82000,32,003,002996
"Census Tract 31.03, Clark County, Nevada",1400000US32003003103,0.0,11.9,88.1,0.0,0.0,0.0,0.0,157900,32,003,003103
"Census Tract 31.04, Clark County, Nevada",1400000US32003003104,2.4,11.7,85.9,0.0,0.0,0.0,0.0,142300,32,003,003104
"Census Tract 32.28, Clark County, Nevada",1400000US32003003228,0.0,7.7,78.0,14.4,0.0,0.0,0.0,170400,32,003,003228
"Census Tract 32.29, Clark County, Nevada",1400000US32003003229,1.6,1.6,73.2,23.5,0.0,0.0,0.0,218300,32,003,003229
"Census Tract 32.30, Clark County, Nevada",1400000US32003003230,0.0,0.0,69.0,29.3,1.7,0.0,0.0,235300,32,003,003230
"Census Tract 26.10, Washoe County, Nevada",1400000US32031002610,1.4,1.4,92.8,4.4,0.0,0.0,0.0,182200,32,031,002610
"Census Tract 26.11, Washoe County, Nevada",1400000US32031002611,3.0,12.3,75.5,8.0,0.0,1.2,0.0,163700,32,031,002611
"Census Tract 9503.01, Churchill County, Nevada",1400000US32001950301,6.9,15.1,70.5,7.5,0.0,0.0,0.0,150000,32,001,950301
"Census Tract 9503.02, Churchill County, Nevada",1400000US32001950302,0.0,24.0,67.6,8.4,0.0,0.0,0.0,150800,32,001,950302
"Census Tract 9507, Churchill County, Nevada",1400000US32001950700,9.6,11.9,45.2,30.1,3.2,0.0,0.0,203300,32,001,950700
"Census Tract 1.06, Clark County, Nevada",1400000US32003000106,3.3,10.6,86.1,0.0,0.0,0.0,0.0,158200,32,003,000106
"Census Tract 1.07, Clark County, Nevada",1400000US32003000107,17.1,43.2,34.2,5.6,0.0,0.0,0.0,96500,32,003,000107
"Census Tract 1.08, Clark County, Nevada",1400000US32003000108,3.0,48.4,48.7,0.0,0.0,0.0,0.0,99200,32,003,000108
"Census Tract 1.09, Clark County, Nevada",1400000US32003000109,6.6,18.3,70.6,4.4,0.0,0.0,0.0,122600,32,003,000109
"Census Tract 4.01, Clark County, Nevada",1400000US32003000401,14.3,9.5,76.2,0.0,0.0,0.0,0.0,114500,32,003,000401
"Census Tract 4.02, Clark County, Nevada",1400000US32003000402,0.0,62.5,37.5,0.0,0.0,0.0,0.0,92500,32,003,000402
"Census Tract 4.03, Clark County, Nevada",1400000US32003000403,9.9,38.3,51.9,0.0,0.0,0.0,0.0,-666666666,32,003,000403
"Census Tract 5.20, Clark County, Nevada",1400000US32003000520,12.0,52.0,30.4,0.0,5.6,0.0,0.0,75800,32,003,000520
"Census Tract 5.21, Clark County, Nevada",1400000US32003000521,0.0,44.8,43.1,0.0,12.1,0.0,0.0,155000,32,003,000521
"Census Tract 5.22, Clark County, Nevada",1400000US32003000522,15.0,20.0,65.0,0.0,0.0,0.0,0.0,110700,32,003,000522
"Census Tract 5.23, Clark County, Nevada",1400000US32003000523,0.0,100.0,0.0,0.0,0.0,0.0,0.0,-666666666,32,003,000523
"Census Tract 5.24, Clark County, Nevada",1400000US32003000524,11.1,42.9,46.0,0.0,0.0,0.0,0.0,78400,32,003,000524
"Census Tract 5.25, Clark County, Nevada",1400000US32003000525,6.1,32.8,53.3,7.8,0.0,0.0,0.0,118500,32,003,000525
"Census Tract 5.26, Clark County, Nevada",1400000US32003000526,7.5,52.8,36.6,0.0,0.0,0.0,3.1,95400,32,003,000526
"Census Tract 5.27, Clark County, Nevada",1400000US32003000527,1.4,36.3,62.4,0.0,0.0,0.0,0.0,130400,32,003,000527
"Census Tract 5.28, Clark County, Nevada",1400000US32003000528,20.2,55.1,24.7,0.0,0.0,0.0,0.0,83700,32,003,000528
"Census Tract 14.01, Clark County, Nevada",1400000US32003001401,0.0,22.3,72.3,0.0,2.4,0.0,2.9,144600,32,003,001401
"Census Tract 14.02, Clark County, Nevada",1400000US32003001402,1.9,25.8,72.2,0.0,0.0,0.0,0.0,161900,32,003,001402
"Census Tract 15.01, Clark County, Nevada",1400000US32003001501,24.1,44.4,31.5,0.0,0.0,0.0,0.0,75800,32,003,001501
"Census Tract 26.12, Washoe County, Nevada",1400000US32031002612,7.0,16.6,64.0,12.4,0.0,0.0,0.0,172800,32,031,002612
"Census Tract 26.13, Washoe County, Nevada",1400000US32031002613,0.7,3.1,87.3,8.9,0.0,0.0,0.0,213100,32,031,002613
"Census Tract 26.14, Washoe County, Nevada",1400000US32031002614,7.8,7.1,85.1,0.0,0.0,0.0,0.0,167200,32,031,002614
"Census Tract 26.15, Washoe County, Nevada",1400000US32031002615,0.0,0.0,82.1,17.9,0.0,0.0,0.0,232000,32,031,002615
"Census Tract 26.16, Washoe County, Nevada",1400000US32031002616,10.5,24.6,63.2,1.8,0.0,0.0,0.0,143700,32,031,002616
"Census Tract 26.17, Washoe County, Nevada",1400000US32031002617,1.0,12.2,43.2,41.6,0.0,0.0,2.0,270200,32,031,002617
"Census Tract 26.18, Washoe County, Nevada",1400000US32031002618,2.2,9.0,73.9,13.9,1.1,0.0,0.0,223300,32,031,002618
"Census Tract 26.19, Washoe County, Nevada",1400000US32031002619,11.8,4.5,65.6,18.2,0.0,0.0,0.0,198300,32,031,002619
"Census Tract 27.03, Washoe County, Nevada",1400000US32031002703,5.4,47.0,33.6,0.0,0.0,0.0,14.1,86500,32,031,002703
"Census Tract 27.04, Washoe County, Nevada",1400000US32031002704,9.4,25.0,65.6,0.0,0.0,0.0,0.0,132200,32,031,002704
"Census Tract 27.05, Washoe County, Nevada",1400000US32031002705,17.7,12.4,67.8,0.0,2.1,0.0,0.0,157500,32,031,002705
"Census Tract 27.06, Washoe County, Nevada",1400000US32031002706,2.1,8.5,88.1,1.3,0.0,0.0,0.0,154400,32,031,002706
"Census Tract 27.07, Washoe County, Nevada",1400000US32031002707,9.4,17.5,60.8,12.2,0.0,0.0,0.0,157700,32,031,002707
"Census Tract 31.09, Washoe County, Nevada",1400000US32031003109,0.9,0.0,55.2,37.8,5.2,0.9,0.0,288800,32,031,003109
"Census Tract 31.10, Washoe County, Nevada",1400000US32031003110,0.0,6.0,67.9,26.1,0.0,0.0,0.0,234500,32,031,003110
"Census Tract 32.03, Washoe County, Nevada",1400000US32031003203,0.0,0.8,5.3,32.6,26.2,19.1,16.0,607600,32,031,003203
"Census Tract 32.04, Washoe County, Nevada",1400000US32031003204,2.3,0.0,31.6,19.3,20.1,16.9,9.7,444400,32,031,003204
"Census Tract 33.05, Washoe County, Nevada",1400000US32031003305,0.0,0.0,32.2,11.8,23.7,20.8,11.4,562500,32,031,003305
"Census Tract 33.06, Washoe County, Nevada",1400000US32031003306,0.0,0.0,5.6,48.7,13.2,9.1,23.4,484000,32,031,003306
"Census Tract 33.07, Washoe County, Nevada",1400000US32031003307,0.0,0.0,3.9,28.7,10.1,18.5,38.8,848500,32,031,003307
"Census Tract 33.08, Washoe County, Nevada",1400000US32031003308,2.5,0.0,7.0,2.7,24.7,28.2,35.0,866900,32,031,003308
"Census Tract 33.09, Washoe County, Nevada",1400000US32031003309,1.5,0.0,5.0,14.8,18.4,25.6,34.8,851500,32,031,003309
"Census Tract 32.31, Clark County, Nevada",1400000US32003003231,3.7,2.0,56.7,35.0,2.5,0.0,0.0,276000,32,003,003231
"Census Tract 32.32, Clark County, Nevada",1400000US32003003232,2.5,1.4,15.3,48.5,23.6,5.5,3.1,428000,32,003,003232
"Census Tract 32.33, Clark County, Nevada",1400000US32003003233,0.0,0.0,58.3,36.7,2.3,0.0,2.7,283600,32,003,003233
"Census Tract 32.34, Clark County, Nevada",1400000US32003003234,0.0,3.9,93.4,1.5,1.2,0.0,0.0,178900,32,003,003234
"Census Tract 32.35, Clark County, Nevada",1400000US32003003235,0.0,0.0,67.4,32.6,0.0,0.0,0.0,269300,32,003,003235
"Census Tract 32.36, Clark County, Nevada",1400000US32003003236,3.6,1.8,76.1,16.7,0.6,1.2,0.0,199000,32,003,003236
"Census Tract 32.37, Clark County, Nevada",1400000US32003003237,1.5,0.0,78.5,20.0,0.0,0.0,0.0,245200,32,003,003237
"Census Tract 32.38, Clark County, Nevada",1400000US32003003238,1.4,3.7,88.0,6.9,0.0,0.0,0.0,202700,32,003,003238
"Census Tract 32.39, Clark County, Nevada",1400000US32003003239,4.6,1.3,61.2,32.9,0.0,0.0,0.0,235700,32,003,003239
"Census Tract 32.40, Clark County, Nevada",1400000US32003003240,0.0,5.2,78.3,12.3,2.0,2.2,0.0,217300,32,003,003240
"Census Tract 32.41, Clark County, Nevada",1400000US32003003241,0.0,4.3,88.2,7.5,0.0,0.0,0.0,206800,32,003,003241
"Census Tract 32.42, Clark County, Nevada",1400000US32003003242,0.0,0.0,4.3,51.0,35.7,5.3,3.8,485700,32,003,003242
"Census Tract 32.43, Clark County, Nevada",1400000US32003003243,0.9,0.0,63.4,29.5,6.2,0.0,0.0,258300,32,003,003243
"Census Tract 32.44, Clark County, Nevada",1400000US32003003244,1.5,2.5,91.5,0.0,0.0,1.5,3.1,183300,32,003,003244
"Census Tract 32.45, Clark County, Nevada",1400000US32003003245,1.1,0.7,83.3,10.3,3.9,0.0,0.8,213800,32,003,003245
"Census Tract 32.46, Clark County, Nevada",1400000US32003003246,1.3,0.0,94.8,3.9,0.0,0.0,0.0,212100,32,003,003246
"Census Tract 32.47, Clark County, Nevada",1400000US32003003247,5.7,16.2,34.4,35.1,8.6,0.0,0.0,248100,32,003,003247
"Census Tract 32.48, Clark County, Nevada",1400000US32003003248,0.0,1.5,39.2,34.0,19.8,5.5,0.0,337400,32,003,003248
"Census Tract 32.49, Clark County, Nevada",1400000US32003003249,1.5,0.0,57.8,20.3,11.5,9.0,0.0,283100,32,003,003249
"Census Tract 32.50, Clark County, Nevada",1400000US32003003250,0.0,0.7,51.4,40.4,7.5,0.0,0.0,293600,32,003,003250
"Census Tract 32.51, Clark County, Nevada",1400000US32003003251,1.4,0.0,34.1,47.3,6.4,1.6,9.3,354700,32,003,003251
"Census Tract 32.52, Clark County, Nevada",1400000US32003003252,2.4,1.2,56.4,36.1,0.0,1.1,2.9,281900,32,003,003252
"Census Tract 32.53, Clark County, Nevada",1400000US32003003253,9.3,15.7,62.1,12.9,0.0,0.0,0.0,169600,32,003,003253
"Census Tract 32.54, Clark County, Nevada",1400000US32003003254,2.2,11.6,83.9,2.2,0.0,0.0,0.0,159500,32,003,003254
"Census Tract 32.60, Clark County, Nevada",1400000US32003003260,3.2,15.6,81.1,0.0,0.0,0.0,0.0,149500,32,003,003260
"Census Tract 32.61, Clark County, Nevada",1400000US32003003261,3.4,14.7,60.1,17.8,0.0,3.9,0.0,193000,32,003,003261
"Census Tract 32.62, Clark County, Nevada",1400000US32003003262,1.3,0.0,58.3,24.1,11.6,4.7,0.0,271200,32,003,003262
"Census Tract 33.07, Clark County, Nevada",1400000US32003003307,1.9,0.0,82.1,14.8,1.1,0.0,0.0,227700,32,003,003307
"Census Tract 33.08, Clark County, Nevada",1400000US32003003308,0.0,1.7,28.4,63.8,4.7,1.5,0.0,344500,32,003,003308
"Census Tract 33.09, Clark County, Nevada",1400000US32003003309,1.2,0.0,43.0,49.3,2.8,3.2,0.6,314600,32,003,003309
"Census Tract 33.10, Clark County, Nevada",1400000US32003003310,0.0,0.8,17.2,53.8,25.4,2.5,0.4,432000,32,003,003310
"Census Tract 33.11, Clark County, Nevada",1400000US32003003311,2.9,5.0,67.6,23.1,0.0,0.0,1.3,212500,32,003,003311
"Census Tract 33.12, Clark County, Nevada",1400000US32003003312,2.0,0.0,29.7,52.7,15.6,0.0,0.0,352300,32,003,003312
"Census Tract 33.13, Clark County, Nevada",1400000US32003003313,1.6,0.0,82.7,13.4,2.3,0.0,0.0,223500,32,003,003313
"Census Tract 33.14, Clark County, Nevada",1400000US32003003314,1.4,0.0,36.3,53.5,8.8,0.0,0.0,330000,32,003,003314
"Census Tract 33.15, Clark County, Nevada",1400000US32003003315,0.0,0.8,75.6,22.6,1.0,0.0,0.0,205600,32,003,003315
"Census Tract 33.16, Clark County, Nevada",1400000US32003003316,2.5,0.0,54.8,32.6,9.3,0.8,0.0,280400,32,003,003316
"Census Tract 33.17, Clark County, Nevada",1400000US32003003317,5.4,0.0,92.1,0.0,1.1,1.4,0.0,169500,32,003,003317
"Census Tract 33.18, Clark County, Nevada",1400000US32003003318,1.3,5.1,84.7,8.9,0.0,0.0,0.0,213600,32,003,003318
"Census Tract 33.19, Clark County, Nevada",1400000US32003003319,3.1,1.6,76.0,19.4,0.0,0.0,0.0,218500,32,003,003319
"Census Tract 33.20, Clark County, Nevada",1400000US32003003320,4.2,3.4,56.6,26.3,7.2,2.3,0.0,238800,32,003,003320
"Census Tract 33.21, Clark County, Nevada",1400000US32003003321,0.0,0.0,5.2,63.8,27.4,3.6,0.0,446100,32,003,003321
"Census Tract 34.26, Clark County, Nevada",1400000US32003003426,9.0,6.5,66.0,10.4,8.1,0.0,0.0,206900,32,003,003426
"Census Tract 34.27, Clark County, Nevada",1400000US32003003427,3.2,16.4,79.1,1.3,0.0,0.0,0.0,163800,32,003,003427
"Census Tract 34.28, Clark County, Nevada",1400000US32003003428,0.0,22.6,77.4,0.0,0.0,0.0,0.0,114700,32,003,003428
"Census Tract 34.29, Clark County, Nevada",1400000US32003003429,0.0,36.2,61.3,2.5,0.0,0.0,0.0,142800,32,003,003429
"Census Tract 35.08, Washoe County, Nevada",1400000US32031003508,2.2,1.6,44.9,49.9,0.7,0.7,0.0,303400,32,031,003508
"Census Tract 35.09, Washoe County, Nevada",1400000US32031003509,0.0,0.9,58.9,38.9,0.0,1.3,0.0,281500,32,031,003509
"Census Tract 35.10, Washoe County, Nevada",1400000US32031003510,3.7,0.0,74.9,21.4,0.0,0.0,0.0,239200,32,031,003510
"Census Tract 35.11, Washoe County, Nevada",1400000US32031003511,4.9,0.7,42.8,42.5,7.5,1.6,0.0,306700,32,031,003511
"Census Tract 35.12, Washoe County, Nevada",1400000US32031003512,2.4,0.7,37.0,52.9,4.5,0.0,2.5,323500,32,031,003512
"Census Tract 35.13, Washoe County, Nevada",1400000US32031003513,0.0,0.0,59.8,40.2,0.0,0.0,0.0,248800,32,031,003513
"Census Tract 35.14, Washoe County, Nevada",1400000US32031003514,0.0,2.2,16.4,70.0,8.7,2.7,0.0,386600,32,031,003514
"Census Tract 35.15, Washoe County, Nevada",1400000US32031003515,0.0,1.0,30.8,53.4,13.2,1.7,0.0,360700,32,031,003515
"Census Tract 9402, Washoe County, Nevada",1400000US32031940200,12.6,33.0,51.5,2.9,0.0,0.0,0.0,112500,32,031,940200
"Census Tract 9800, Washoe County, Nevada",1400000US32031980000,-666666666.0,-666666666.0,-666666666.0,-666666666.0,-666666666.0,-666666666.0,-666666666.0,-666666666,32,031,980000
"Census Tract 9801, Washoe County, Nevada",1400000US32031980100,-666666666.0,-666666666.0,-666666666.0,-666666666.0,-666666666.0,-666666666.0,-666666666.0,-666666666,32,031,980100
"Census Tract 9802, Washoe County, Nevada",1400000US32031980200,-666666666.0,-666666666.0,-666666666.0,-666666666.0,-666666666.0,-666666666.0,-666666666.0,-666666666,32,031,980200
"Census Tract 9803, Washoe County, Nevada",1400000US32031980300,-666666666.0,-666666666.0,-666666666.0,-666666666.0,-666666666.0,-666666666.0,-666666666.0,-666666666,32,031,980300
"Census Tract 9900, Washoe County, Nevada",1400000US32031990000,-666666666.0,-666666666.0,-666666666.0,-666666666.0,-666666666.0,-666666666.0,-666666666.0,-666666666,32,031,990000
"Census Tract 9901, Washoe County, Nevada",1400000US32031990100,-666666666.0,-666666666.0,-666666666.0,-666666666.0,-666666666.0,-666666666.0,-666666666.0,-666666666,32,031,990100
"Census Tract 15.02, Clark County, Nevada",1400000US32003001502,32.2,20.3,47.5,0.0,0.0,0.0,0.0,95000,32,003,001502
"Census Tract 22.06, Clark County, Nevada",1400000US32003002206,0.0,49.4,43.8,6.8,0.0,0.0,0.0,100600,32,003,002206
"Census Tract 34.30, Clark County, Nevada",1400000US32003003430,0.0,26.6,72.0,0.0,1.4,0.0,0.0,121700,32,003,003430
"Census Tract 34.31, Clark County, Nevada",1400000US32003003431,4.5,27.3,68.2,0.0,0.0,0.0,0.0,117100,32,003,003431
"Census Tract 36.16, Clark County, Nevada",1400000US32003003616,4.2,21.0,74.8,0.0,0.0,0.0,0.0,123800,32,003,003616
"Census Tract 36.17, Clark County, Nevada",1400000US32003003617,4.1,28.9,65.5,1.5,0.0,0.0,0.0,123300,32,003,003617
"Census Tract 36.18, Clark County, Nevada",1400000US32003003618,1.8,0.0,67.6,29.9,0.0,0.0,0.7,236600,32,003,003618
"Census Tract 36.19, Clark County, Nevada",1400000US32003003619,0.7,0.0,28.5,70.9,0.0,0.0,0.0,334300,32,003,003619
"Census Tract 36.20, Clark County, Nevada",1400000US32003003620,1.1,0.0,58.4,39.0,1.5,0.0,0.0,275100,32,003,003620
"Census Tract 36.21, Clark County, Nevada",1400000US32003003621,3.6,1.2,85.4,9.7,0.0,0.0,0.0,218000,32,003,003621
"Census Tract 36.22, Clark County, Nevada",1400000US32003003622,3.9,4.7,67.3,24.1,0.0,0.0,0.0,256900,32,003,003622
"Census Tract 36.23, Clark County, Nevada",1400000US32003003623,0.9,0.0,90.4,8.7,0.0,0.0,0.0,240600,32,003,003623
"Census Tract 36.24, Clark County, Nevada",1400000US32003003624,5.1,2.8,83.0,9.1,0.0,0.0,0.0,212700,32,003,003624
"Census Tract 36.25, Clark County, Nevada",1400000US32003003625,4.0,0.0,90.6,5.5,0.0,0.0,0.0,182100,32,003,003625
"Census Tract 36.26, Clark County, Nevada",1400000US32003003626,0.9,0.0,97.0,2.1,0.0,0.0,0.0,227500,32,003,003626
"Census Tract 36.27, Clark County, Nevada",1400000US32003003627,0.0,4.8,93.0,2.2,0.0,0.0,0.0,186600,32,003,003627
"Census Tract 36.28, Clark County, Nevada",1400000US32003003628,0.8,0.0,87.9,9.8,0.0,1.6,0.0,209300,32,003,003628
"Census Tract 36.29, Clark County, Nevada",1400000US32003003629,1.2,8.3,84.8,5.7,0.0,0.0,0.0,207500,32,003,003629
"Census Tract 36.30, Clark County, Nevada",1400000US32003003630,1.7,6.3,85.4,6.6,0.0,0.0,0.0,167200,32,003,003630
"Census Tract 36.31, Clark County, Nevada",1400000US32003003631,3.9,5.4,79.5,11.2,0.0,0.0,0.0,192300,32,003,003631
"Census Tract 36.32, Clark County, Nevada",1400000US32003003632,2.2,2.3,79.1,15.4,0.9,0.0,0.0,187500,32,003,003632
"Census Tract 36.33, Clark County, Nevada",1400000US32003003633,2.2,6.0,91.8,0.0,0.0,0.0,0.0,164800,32,003,003633
"Census Tract 36.34, Clark County, Nevada",1400000US32003003634,0.0,7.5,86.6,5.9,0.0,0.0,0.0,176900,32,003,003634
"Census Tract 36.35, Clark County, Nevada",1400000US32003003635,5.8,3.2,89.1,2.0,0.0,0.0,0.0,204400,32,003,003635
"Census Tract 36.36, Clark County, Nevada",1400000US32003003636,2.8,0.0,73.3,23.8,0.0,0.0,0.0,254700,32,003,003636
"Census Tract 36.37, Clark County, Nevada",1400000US32003003637,5.2,5.2,84.3,5.3,0.0,0.0,0.0,189200,32,003,003637
"Census Tract 36.38, Clark County, Nevada",1400000US32003003638,3.2,5.7,89.0,0.0,0.0,1.3,0.8,169000,32,003,003638
"Census Tract 36.39, Clark County, Nevada",1400000US32003003639,3.6,15.3,79.5,1.0,0.0,0.7,0.0,161400,32,003,003639
"Census Tract 36.40, Clark County, Nevada",1400000US32003003640,3.1,12.1,81.4,3.5,0.0,0.0,0.0,161600,32,003,003640
"Census Tract 36.41, Clark County, Nevada",1400000US32003003641,2.3,7.7,80.0,6.3,3.8,0.0,0.0,171100,32,003,003641
"Census Tract 36.42, Clark County, Nevada",1400000US32003003642,2.4,4.2,89.7,1.9,1.8,0.0,0.0,190200,32,003,003642
"Census Tract 36.43, Clark County, Nevada",1400000US32003003643,4.7,20.0,75.3,0.0,0.0,0.0,0.0,162400,32,003,003643
"Census Tract 36.44, Clark County, Nevada",1400000US32003003644,9.5,0.0,89.0,1.5,0.0,0.0,0.0,171900,32,003,003644
"Census Tract 43.01, Clark County, Nevada",1400000US32003004301,0.0,0.0,100.0,0.0,0.0,0.0,0.0,114300,32,003,004301
"Census Tract 43.02, Clark County, Nevada",1400000US32003004302,5.9,52.5,41.6,0.0,0.0,0.0,0.0,-666666666,32,003,004302
"Census Tract 44.01, Clark County, Nevada",1400000US32003004401,13.8,51.2,35.0,0.0,0.0,0.0,0.0,91600,32,003,004401
"Census Tract 44.02, Clark County, Nevada",1400000US32003004402,9.0,57.9,33.1,0.0,0.0,0.0,0.0,90300,32,003,004402
"Census Tract 46.01, Clark County, Nevada",1400000US32003004601,7.3,44.7,48.0,0.0,0.0,0.0,0.0,99100,32,003,004601
"Census Tract 46.02, Clark County, Nevada",1400000US32003004602,0.0,68.3,31.7,0.0,0.0,0.0,0.0,87800,32,003,004602
"Census Tract 49.25, Clark County, Nevada",1400000US32003004925,1.6,15.9,79.8,2.7,0.0,0.0,0.0,161400,32,003,004925
"Census Tract 49.26, Clark County, Nevada",1400000US32003004926,23.4,1.2,72.3,3.1,0.0,0.0,0.0,125800,32,003,004926
"Census Tract 50.13, Clark County, Nevada",1400000US32003005013,2.8,10.9,83.1,0.0,0.0,0.0,3.2,158300,32,003,005013
"Census Tract 50.14, Clark County, Nevada",1400000US32003005014,4.4,33.6,62.0,0.0,0.0,0.0,0.0,114800,32,003,005014
"Census Tract 50.15, Clark County, Nevada",1400000US32003005015,1.0,6.5,90.3,1.5,0.0,0.0,0.6,195000,32,003,005015
"Census Tract 50.16, Clark County, Nevada",1400000US32003005016,6.6,19.1,71.4,1.2,1.6,0.0,0.0,123000,32,003,005016
"Census Tract 50.17, Clark County, Nevada",1400000US32003005017,0.0,5.3,90.4,3.5,0.8,0.0,0.0,175600,32,003,005017
"Census Tract 53.46, Clark County, Nevada",1400000US32003005346,0.0,9.8,23.5,59.7,7.1,0.0,0.0,342100,32,003,005346
"Census Tract 53.47, Clark County, Nevada",1400000US32003005347,4.4,0.0,39.0,30.8,11.3,2.7,11.8,343400,32,003,005347
"Census Tract 53.48, Clark County, Nevada",1400000US32003005348,1.0,0.0,8.2,65.3,19.4,3.6,2.5,429600,32,003,005348
"Census Tract 53.49, Clark County, Nevada",1400000US32003005349,0.0,1.0,35.7,54.7,8.7,0.0,0.0,352200,32,003,005349
"Census Tract 53.50, Clark County, Nevada",1400000US32003005350,4.8,0.0,20.0,63.3,3.9,5.5,2.4,359400,32,003,005350
"Census Tract 53.51, Clark County, Nevada",1400000US32003005351,0.0,4.2,55.0,40.7,0.0,0.0,0.0,273200,32,003,005351
"Census Tract 53.52, Clark County, Nevada",1400000US32003005352,0.0,0.0,34.4,60.5,2.2,2.9,0.0,335200,32,003,005352
"Census Tract 53.53, Clark County, Nevada",1400000US32003005353,5.0,0.0,57.5,36.4,1.1,0.0,0.0,273700,32,003,005353
"Census Tract 53.54, Clark County, Nevada",1400000US32003005354,0.0,0.0,68.4,30.2,1.4,0.0,0.0,269100,32,003,005354
"Census Tract 53.55, Clark County, Nevada",1400000US32003005355,1.8,0.0,53.6,37.7,6.9,0.0,0.0,288600,32,003,005355
"Census Tract 53.56, Clark County, Nevada",1400000US32003005356,2.8,0.0,6.1,53.4,7.5,8.7,21.4,426100,32,003,005356
"Census Tract 53.57, Clark County, Nevada",1400000US32003005357,1.4,5.1,52.0,31.3,7.2,1.3,1.7,272000,32,003,005357
"Census Tract 53.58, Clark County, Nevada",1400000US32003005358,2.3,0.0,39.8,57.9,0.0,0.0,0.0,314800,32,003,005358
"Census Tract 53.59, Clark County, Nevada",1400000US32003005359,1.3,0.0,53.7,38.5,0.6,5.1,0.8,282200,32,003,005359
"Census Tract 53.60, Clark County, Nevada",1400000US32003005360,2.8,5.2,50.8,25.5,12.4,3.4,0.0,262600,32,003,005360
"Census Tract 54.34, Clark County, Nevada",1400000US32003005434,2.9,1.0,71.2,24.9,0.0,0.0,0.0,221100,32,003,005434
"Census Tract 54.35, Clark County, Nevada",1400000US32003005435,0.0,1.3,41.2,37.1,19.4,1.0,0.0,326400,32,003,005435
"Census Tract 54.36, Clark County, Nevada",1400000US32003005436,6.1,2.1,75.1,14.6,2.1,0.0,0.0,209800,32,003,005436
"Census Tract 54.37, Clark County, Nevada",1400000US32003005437,5.1,0.0,20.6,33.0,26.3,5.4,9.6,444200,32,003,005437
"Census Tract 54.38, Clark County, Nevada",1400000US32003005438,0.0,14.3,72.1,13.5,0.0,0.0,0.0,142300,32,003,005438
"Census Tract 54.39, Clark County, Nevada",1400000US32003005439,7.6,31.6,57.0,3.8,0.0,0.0,0.0,114600,32,003,005439
"Census Tract 56.14, Clark County, Nevada",1400000US32003005614,0.0,14.8,82.4,2.9,0.0,0.0,0.0,184200,32,003,005614
"Census Tract 56.15, Clark County, Nevada",1400000US32003005615,2.2,2.8,93.1,1.9,0.0,0.0,0.0,183200,32,003,005615
"Census Tract 57.11, Clark County, Nevada",1400000US32003005711,4.1,0.0,25.2,56.7,14.0,0.0,0.0,356800,32,003,005711
"Census Tract 57.12, Clark County, Nevada",1400000US32003005712,0.8,0.0,42.7,47.1,9.5,0.0,0.0,321500,32,003,005712
"Census Tract 9505, Churchill County, Nevada",1400000US32001950500,18.0,19.7,35.5,8.2,15.3,3.3,0.0,137500,32,001,950500
"Census Tract 9501, Churchill County, Nevada",1400000US32001950100,0.0,7.9,65.5,19.4,5.6,0.0,1.6,167700,32,001,950100
"Census Tract 9504, Churchill County, Nevada",1400000US32001950400,-666666666.0,-666666666.0,-666666666.0,-666666666.0,-666666666.0,-666666666.0,-666666666.0,-666666666,32,001,950400
"Census Tract 9501, Esmeralda County, Nevada",1400000US32009950100,10.0,33.3,36.7,11.7,0.0,0.0,8.3,150000,32,009,950100
"Census Tract 1, Eureka County, Nevada",1400000US32011000100,0.0,27.7,53.8,10.4,0.0,0.0,8.1,210700,32,011,000100
"Census Tract 106, Humboldt County, Nevada",1400000US32013010600,16.4,13.6,59.8,10.1,0.0,0.0,0.0,158700,32,013,010600
"Census Tract 105, Humboldt County, Nevada",1400000US32013010500,0.0,16.9,71.2,10.2,0.0,0.0,1.7,172000,32,013,010500
"Census Tract 9701, White Pine County, Nevada",1400000US32033970100,0.0,43.1,44.6,12.3,0.0,0.0,0.0,106400,32,033,970100
"Census Tract 9702, White Pine County, Nevada",1400000US32033970200,6.9,6.0,66.6,17.7,0.6,0.0,2.2,213000,32,033,970200
"Census Tract 9703, White Pine County, Nevada",1400000US32033970300,3.8,23.7,64.4,5.8,0.0,2.2,0.0,121600,32,033,970300
"Census Tract 9515, Elko County, Nevada",1400000US32007951500,10.3,3.6,84.4,1.7,0.0,0.0,0.0,175700,32,007,951500
"Census Tract 9509, Elko County, Nevada",1400000US32007950900,10.4,3.2,68.3,18.1,0.0,0.0,0.0,214700,32,007,950900
"Census Tract 9513, Elko County, Nevada",1400000US32007951300,27.3,2.5,65.5,2.1,2.5,0.0,0.0,127700,32,007,951300
"Census Tract 9502, Elko County, Nevada",1400000US32007950200,0.0,16.9,62.8,20.2,0.0,0.0,0.0,170200,32,007,950200
"Census Tract 9510, Elko County, Nevada",1400000US32007951000,0.0,5.6,69.4,25.0,0.0,0.0,0.0,265400,32,007,951000
"Census Tract 9516, Elko County, Nevada",1400000US32007951600,12.9,19.0,63.5,0.0,0.0,0.0,4.6,153200,32,007,951600
"Census Tract 9508, Elko County, Nevada",1400000US32007950800,0.0,5.7,86.6,3.2,0.0,0.0,4.5,211200,32,007,950800
"Census Tract 9501, Lincoln County, Nevada",1400000US32017950100,5.3,17.3,69.3,8.0,0.0,0.0,0.0,167100,32,017,950100
"Census Tract 2.03, Clark County, Nevada",1400000US32003000203,0.0,17.6,78.1,1.4,2.9,0.0,0.0,166700,32,003,000203
"Census Tract 16.07, Clark County, Nevada",1400000US32003001607,10.9,18.7,65.4,5.1,0.0,0.0,0.0,125400,32,003,001607
"Census Tract 17.08, Clark County, Nevada",1400000US32003001708,0.0,13.7,82.2,1.8,0.0,0.0,2.3,158100,32,003,001708
"Census Tract 17.12, Clark County, Nevada",1400000US32003001712,0.8,12.5,77.5,9.1,0.0,0.0,0.0,185600,32,003,001712
"Census Tract 18.03, Clark County, Nevada",1400000US32003001803,0.0,28.4,71.6,0.0,0.0,0.0,0.0,166200,32,003,001803
,,,,,,,,,,,,
